rate_date,base_currency,quote_currency,exchange_rate
2023-12-29,EUR,CZK,24.724
2023-12-29,EUR,DKK,7.4529
2023-12-29,EUR,NOK,11.2405
2023-12-29,EUR,PLN,4.3395
2023-12-29,EUR,RON,4.9756
2023-12-29,EUR,SEK,11.096
2024-01-02,EUR,CZK,24.687
2024-01-02,EUR,DKK,7.4551
2024-01-02,EUR,NOK,11.2815
2024-01-02,EUR,PLN,4.3708
2024-01-02,EUR,RON,4.9705
2024-01-02,EUR,SEK,11.1545
2024-01-03,EUR,CZK,24.675
2024-01-03,EUR,DKK,7.4581
2024-01-03,EUR,NOK,11.32
2024-01-03,EUR,PLN,4.3638
2024-01-03,EUR,RON,4.9725
2024-01-03,EUR,SEK,11.1915
2024-01-04,EUR,CZK,24.652
2024-01-04,EUR,DKK,7.459
2024-01-04,EUR,NOK,11.2845
2024-01-04,EUR,PLN,4.346
2024-01-04,EUR,RON,4.9733
2024-01-04,EUR,SEK,11.1905
2024-01-05,EUR,CZK,24.616
2024-01-05,EUR,DKK,7.4584
2024-01-05,EUR,NOK,11.309
2024-01-05,EUR,PLN,4.3568
2024-01-05,EUR,RON,4.9737
2024-01-05,EUR,SEK,11.235
2024-01-08,EUR,CZK,24.488
2024-01-08,EUR,DKK,7.4615
2024-01-08,EUR,NOK,11.362
2024-01-08,EUR,PLN,4.3465
2024-01-08,EUR,RON,4.9728
2024-01-08,EUR,SEK,11.2095
2024-01-09,EUR,CZK,24.594
2024-01-09,EUR,DKK,7.4577
2024-01-09,EUR,NOK,11.308
2024-01-09,EUR,PLN,4.3448
2024-01-09,EUR,RON,4.9716
2024-01-09,EUR,SEK,11.2115
2024-01-10,EUR,CZK,24.562
2024-01-10,EUR,DKK,7.4582
2024-01-10,EUR,NOK,11.2915
2024-01-10,EUR,PLN,4.341
2024-01-10,EUR,RON,4.9728
2024-01-10,EUR,SEK,11.197
2024-01-11,EUR,CZK,24.659
2024-01-11,EUR,DKK,7.4568
2024-01-11,EUR,NOK,11.3283
2024-01-11,EUR,PLN,4.349
2024-01-11,EUR,RON,4.9722
2024-01-11,EUR,SEK,11.197
2024-01-12,EUR,CZK,24.689
2024-01-12,EUR,DKK,7.4565
2024-01-12,EUR,NOK,11.2765
2024-01-12,EUR,PLN,4.3628
2024-01-12,EUR,RON,4.9731
2024-01-12,EUR,SEK,11.26
2024-01-15,EUR,CZK,24.714
2024-01-15,EUR,DKK,7.459
2024-01-15,EUR,NOK,11.314
2024-01-15,EUR,PLN,4.3625
2024-01-15,EUR,RON,4.9743
2024-01-15,EUR,SEK,11.278
2024-01-16,EUR,CZK,24.71
2024-01-16,EUR,DKK,7.4582
2024-01-16,EUR,NOK,11.3335
2024-01-16,EUR,PLN,4.387
2024-01-16,EUR,RON,4.9763
2024-01-16,EUR,SEK,11.3215
2024-01-17,EUR,CZK,24.755
2024-01-17,EUR,DKK,7.4586
2024-01-17,EUR,NOK,11.4335
2024-01-17,EUR,PLN,4.3993
2024-01-17,EUR,RON,4.9755
2024-01-17,EUR,SEK,11.3925
2024-01-18,EUR,CZK,24.734
2024-01-18,EUR,DKK,7.4571
2024-01-18,EUR,NOK,11.446
2024-01-18,EUR,PLN,4.399
2024-01-18,EUR,RON,4.9772
2024-01-18,EUR,SEK,11.364
2024-01-19,EUR,CZK,24.813
2024-01-19,EUR,DKK,7.4575
2024-01-19,EUR,NOK,11.41
2024-01-19,EUR,PLN,4.3618
2024-01-19,EUR,RON,4.9776
2024-01-19,EUR,SEK,11.38
2024-01-22,EUR,CZK,24.758
2024-01-22,EUR,DKK,7.4585
2024-01-22,EUR,NOK,11.441
2024-01-22,EUR,PLN,4.364
2024-01-22,EUR,RON,4.9776
2024-01-22,EUR,SEK,11.3545
2024-01-23,EUR,CZK,24.824
2024-01-23,EUR,DKK,7.4574
2024-01-23,EUR,NOK,11.4298
2024-01-23,EUR,PLN,4.383
2024-01-23,EUR,RON,4.9769
2024-01-23,EUR,SEK,11.347
2024-01-24,EUR,CZK,24.786
2024-01-24,EUR,DKK,7.4568
2024-01-24,EUR,NOK,11.4155
2024-01-24,EUR,PLN,4.3725
2024-01-24,EUR,RON,4.9773
2024-01-24,EUR,SEK,11.3585
2024-01-25,EUR,CZK,24.756
2024-01-25,EUR,DKK,7.456
2024-01-25,EUR,NOK,11.3905
2024-01-25,EUR,PLN,4.3765
2024-01-25,EUR,RON,4.9768
2024-01-25,EUR,SEK,11.35
2024-01-26,EUR,CZK,24.748
2024-01-26,EUR,DKK,7.4549
2024-01-26,EUR,NOK,11.3325
2024-01-26,EUR,PLN,4.3775
2024-01-26,EUR,RON,4.9765
2024-01-26,EUR,SEK,11.3203
2024-01-29,EUR,CZK,24.806
2024-01-29,EUR,DKK,7.4538
2024-01-29,EUR,NOK,11.305
2024-01-29,EUR,PLN,4.366
2024-01-29,EUR,RON,4.9773
2024-01-29,EUR,SEK,11.3562
2024-01-30,EUR,CZK,24.831
2024-01-30,EUR,DKK,7.4543
2024-01-30,EUR,NOK,11.3383
2024-01-30,EUR,PLN,4.3618
2024-01-30,EUR,RON,4.9768
2024-01-30,EUR,SEK,11.2971
2024-01-31,EUR,CZK,24.891
2024-01-31,EUR,DKK,7.455
2024-01-31,EUR,NOK,11.351
2024-01-31,EUR,PLN,4.333
2024-01-31,EUR,RON,4.9758
2024-01-31,EUR,SEK,11.2682
2024-02-01,EUR,CZK,24.89
2024-02-01,EUR,DKK,7.4542
2024-02-01,EUR,NOK,11.3665
2024-02-01,EUR,PLN,4.3373
2024-02-01,EUR,RON,4.974
2024-02-01,EUR,SEK,11.3354
2024-02-02,EUR,CZK,24.875
2024-02-02,EUR,DKK,7.454
2024-02-02,EUR,NOK,11.387
2024-02-02,EUR,PLN,4.3175
2024-02-02,EUR,RON,4.9727
2024-02-02,EUR,SEK,11.268
2024-02-05,EUR,CZK,25.006
2024-02-05,EUR,DKK,7.456
2024-02-05,EUR,NOK,11.465
2024-02-05,EUR,PLN,4.3343
2024-02-05,EUR,RON,4.974
2024-02-05,EUR,SEK,11.374
2024-02-06,EUR,CZK,24.925
2024-02-06,EUR,DKK,7.4605
2024-02-06,EUR,NOK,11.458
2024-02-06,EUR,PLN,4.3463
2024-02-06,EUR,RON,4.9763
2024-02-06,EUR,SEK,11.3825
2024-02-07,EUR,CZK,24.984
2024-02-07,EUR,DKK,7.4586
2024-02-07,EUR,NOK,11.376
2024-02-07,EUR,PLN,4.3453
2024-02-07,EUR,RON,4.9769
2024-02-07,EUR,SEK,11.2725
2024-02-08,EUR,CZK,24.954
2024-02-08,EUR,DKK,7.4562
2024-02-08,EUR,NOK,11.412
2024-02-08,EUR,PLN,4.3375
2024-02-08,EUR,RON,4.9771
2024-02-08,EUR,SEK,11.2705
2024-02-09,EUR,CZK,25.172
2024-02-09,EUR,DKK,7.4536
2024-02-09,EUR,NOK,11.399
2024-02-09,EUR,PLN,4.3206
2024-02-09,EUR,RON,4.9773
2024-02-09,EUR,SEK,11.2815
2024-02-12,EUR,CZK,25.217
2024-02-12,EUR,DKK,7.4548
2024-02-12,EUR,NOK,11.32
2024-02-12,EUR,PLN,4.3198
2024-02-12,EUR,RON,4.9743
2024-02-12,EUR,SEK,11.232
2024-02-13,EUR,CZK,25.285
2024-02-13,EUR,DKK,7.4548
2024-02-13,EUR,NOK,11.302
2024-02-13,EUR,PLN,4.3198
2024-02-13,EUR,RON,4.9759
2024-02-13,EUR,SEK,11.251
2024-02-14,EUR,CZK,25.348
2024-02-14,EUR,DKK,7.4537
2024-02-14,EUR,NOK,11.3375
2024-02-14,EUR,PLN,4.3415
2024-02-14,EUR,RON,4.9754
2024-02-14,EUR,SEK,11.3127
2024-02-15,EUR,CZK,25.416
2024-02-15,EUR,DKK,7.4547
2024-02-15,EUR,NOK,11.361
2024-02-15,EUR,PLN,4.344
2024-02-15,EUR,RON,4.9771
2024-02-15,EUR,SEK,11.2575
2024-02-16,EUR,CZK,25.46
2024-02-16,EUR,DKK,7.4546
2024-02-16,EUR,NOK,11.3555
2024-02-16,EUR,PLN,4.34
2024-02-16,EUR,RON,4.9771
2024-02-16,EUR,SEK,11.2655
2024-02-19,EUR,CZK,25.455
2024-02-19,EUR,DKK,7.4547
2024-02-19,EUR,NOK,11.3045
2024-02-19,EUR,PLN,4.3265
2024-02-19,EUR,RON,4.977
2024-02-19,EUR,SEK,11.237
2024-02-20,EUR,CZK,25.429
2024-02-20,EUR,DKK,7.4542
2024-02-20,EUR,NOK,11.3275
2024-02-20,EUR,PLN,4.3248
2024-02-20,EUR,RON,4.9768
2024-02-20,EUR,SEK,11.2185
2024-02-21,EUR,CZK,25.38
2024-02-21,EUR,DKK,7.4545
2024-02-21,EUR,NOK,11.3345
2024-02-21,EUR,PLN,4.3165
2024-02-21,EUR,RON,4.976
2024-02-21,EUR,SEK,11.2075
2024-02-22,EUR,CZK,25.309
2024-02-22,EUR,DKK,7.454
2024-02-22,EUR,NOK,11.356
2024-02-22,EUR,PLN,4.3158
2024-02-22,EUR,RON,4.9768
2024-02-22,EUR,SEK,11.174
2024-02-23,EUR,CZK,25.354
2024-02-23,EUR,DKK,7.4544
2024-02-23,EUR,NOK,11.389
2024-02-23,EUR,PLN,4.3118
2024-02-23,EUR,RON,4.9744
2024-02-23,EUR,SEK,11.1545
2024-02-26,EUR,CZK,25.367
2024-02-26,EUR,DKK,7.4542
2024-02-26,EUR,NOK,11.4285
2024-02-26,EUR,PLN,4.3053
2024-02-26,EUR,RON,4.9722
2024-02-26,EUR,SEK,11.1675
2024-02-27,EUR,CZK,25.332
2024-02-27,EUR,DKK,7.4551
2024-02-27,EUR,NOK,11.431
2024-02-27,EUR,PLN,4.3153
2024-02-27,EUR,RON,4.9668
2024-02-27,EUR,SEK,11.1805
2024-02-28,EUR,CZK,25.352
2024-02-28,EUR,DKK,7.454
2024-02-28,EUR,NOK,11.4675
2024-02-28,EUR,PLN,4.2965
2024-02-28,EUR,RON,4.9683
2024-02-28,EUR,SEK,11.192
2024-02-29,EUR,CZK,25.363
2024-02-29,EUR,DKK,7.454
2024-02-29,EUR,NOK,11.492
2024-02-29,EUR,PLN,4.3208
2024-02-29,EUR,RON,4.9706
2024-02-29,EUR,SEK,11.215
2024-03-01,EUR,CZK,25.333
2024-03-01,EUR,DKK,7.4543
2024-03-01,EUR,NOK,11.443
2024-03-01,EUR,PLN,4.318
2024-03-01,EUR,RON,4.9695
2024-03-01,EUR,SEK,11.1948
2024-03-04,EUR,CZK,25.356
2024-03-04,EUR,DKK,7.4539
2024-03-04,EUR,NOK,11.4325
2024-03-04,EUR,PLN,4.322
2024-03-04,EUR,RON,4.9708
2024-03-04,EUR,SEK,11.2424
2024-03-05,EUR,CZK,25.353
2024-03-05,EUR,DKK,7.4542
2024-03-05,EUR,NOK,11.475
2024-03-05,EUR,PLN,4.3248
2024-03-05,EUR,RON,4.9718
2024-03-05,EUR,SEK,11.2803
2024-03-06,EUR,CZK,25.359
2024-03-06,EUR,DKK,7.4544
2024-03-06,EUR,NOK,11.468
2024-03-06,EUR,PLN,4.3018
2024-03-06,EUR,RON,4.9706
2024-03-06,EUR,SEK,11.2555
2024-03-07,EUR,CZK,25.359
2024-03-07,EUR,DKK,7.4552
2024-03-07,EUR,NOK,11.394
2024-03-07,EUR,PLN,4.302
2024-03-07,EUR,RON,4.9707
2024-03-07,EUR,SEK,11.1944
2024-03-08,EUR,CZK,25.308
2024-03-08,EUR,DKK,7.4547
2024-03-08,EUR,NOK,11.3395
2024-03-08,EUR,PLN,4.3065
2024-03-08,EUR,RON,4.9693
2024-03-08,EUR,SEK,11.164
2024-03-11,EUR,CZK,25.322
2024-03-11,EUR,DKK,7.4552
2024-03-11,EUR,NOK,11.4405
2024-03-11,EUR,PLN,4.2805
2024-03-11,EUR,RON,4.9644
2024-03-11,EUR,SEK,11.1865
2024-03-12,EUR,CZK,25.272
2024-03-12,EUR,DKK,7.4571
2024-03-12,EUR,NOK,11.4673
2024-03-12,EUR,PLN,4.2865
2024-03-12,EUR,RON,4.9668
2024-03-12,EUR,SEK,11.173
2024-03-13,EUR,CZK,25.273
2024-03-13,EUR,DKK,7.4573
2024-03-13,EUR,NOK,11.4805
2024-03-13,EUR,PLN,4.286
2024-03-13,EUR,RON,4.9683
2024-03-13,EUR,SEK,11.193
2024-03-14,EUR,CZK,25.198
2024-03-14,EUR,DKK,7.4568
2024-03-14,EUR,NOK,11.467
2024-03-14,EUR,PLN,4.2935
2024-03-14,EUR,RON,4.971
2024-03-14,EUR,SEK,11.2245
2024-03-15,EUR,CZK,25.166
2024-03-15,EUR,DKK,7.4571
2024-03-15,EUR,NOK,11.5205
2024-03-15,EUR,PLN,4.2953
2024-03-15,EUR,RON,4.9711
2024-03-15,EUR,SEK,11.2674
2024-03-18,EUR,CZK,25.2
2024-03-18,EUR,DKK,7.4573
2024-03-18,EUR,NOK,11.5565
2024-03-18,EUR,PLN,4.3113
2024-03-18,EUR,RON,4.9716
2024-03-18,EUR,SEK,11.3178
2024-03-19,EUR,CZK,25.268
2024-03-19,EUR,DKK,7.4571
2024-03-19,EUR,NOK,11.5985
2024-03-19,EUR,PLN,4.321
2024-03-19,EUR,RON,4.9742
2024-03-19,EUR,SEK,11.3465
2024-03-20,EUR,CZK,25.289
2024-03-20,EUR,DKK,7.4572
2024-03-20,EUR,NOK,11.5725
2024-03-20,EUR,PLN,4.3248
2024-03-20,EUR,RON,4.9721
2024-03-20,EUR,SEK,11.3595
2024-03-21,EUR,CZK,25.243
2024-03-21,EUR,DKK,7.4579
2024-03-21,EUR,NOK,11.543
2024-03-21,EUR,PLN,4.3028
2024-03-21,EUR,RON,4.9734
2024-03-21,EUR,SEK,11.3645
2024-03-22,EUR,CZK,25.371
2024-03-22,EUR,DKK,7.4581
2024-03-22,EUR,NOK,11.617
2024-03-22,EUR,PLN,4.317
2024-03-22,EUR,RON,4.9727
2024-03-22,EUR,SEK,11.4025
2024-03-25,EUR,CZK,25.266
2024-03-25,EUR,DKK,7.4585
2024-03-25,EUR,NOK,11.605
2024-03-25,EUR,PLN,4.3078
2024-03-25,EUR,RON,4.9712
2024-03-25,EUR,SEK,11.457
2024-03-26,EUR,CZK,25.277
2024-03-26,EUR,DKK,7.459
2024-03-26,EUR,NOK,11.626
2024-03-26,EUR,PLN,4.3093
2024-03-26,EUR,RON,4.9702
2024-03-26,EUR,SEK,11.453
2024-03-27,EUR,CZK,25.319
2024-03-27,EUR,DKK,7.4582
2024-03-27,EUR,NOK,11.6825
2024-03-27,EUR,PLN,4.3148
2024-03-27,EUR,RON,4.9721
2024-03-27,EUR,SEK,11.506
2024-03-28,EUR,CZK,25.305
2024-03-28,EUR,DKK,7.458
2024-03-28,EUR,NOK,11.699
2024-03-28,EUR,PLN,4.3123
2024-03-28,EUR,RON,4.9735
2024-03-28,EUR,SEK,11.525
2024-04-02,EUR,CZK,25.361
2024-04-02,EUR,DKK,7.4582
2024-04-02,EUR,NOK,11.708
2024-04-02,EUR,PLN,4.2938
2024-04-02,EUR,RON,4.9699
2024-04-02,EUR,SEK,11.5575
2024-04-03,EUR,CZK,25.352
2024-04-03,EUR,DKK,7.4589
2024-04-03,EUR,NOK,11.658
2024-04-03,EUR,PLN,4.2968
2024-04-03,EUR,RON,4.9687
2024-04-03,EUR,SEK,11.575
2024-04-04,EUR,CZK,25.322
2024-04-04,EUR,DKK,7.4589
2024-04-04,EUR,NOK,11.6125
2024-04-04,EUR,PLN,4.2955
2024-04-04,EUR,RON,4.9687
2024-04-04,EUR,SEK,11.5105
2024-04-05,EUR,CZK,25.286
2024-04-05,EUR,DKK,7.459
2024-04-05,EUR,NOK,11.6118
2024-04-05,EUR,PLN,4.2835
2024-04-05,EUR,RON,4.9677
2024-04-05,EUR,SEK,11.526
2024-04-08,EUR,CZK,25.354
2024-04-08,EUR,DKK,7.4588
2024-04-08,EUR,NOK,11.5905
2024-04-08,EUR,PLN,4.2773
2024-04-08,EUR,RON,4.9681
2024-04-08,EUR,SEK,11.4675
2024-04-09,EUR,CZK,25.38
2024-04-09,EUR,DKK,7.459
2024-04-09,EUR,NOK,11.593
2024-04-09,EUR,PLN,4.2565
2024-04-09,EUR,RON,4.9682
2024-04-09,EUR,SEK,11.4555
2024-04-10,EUR,CZK,25.368
2024-04-10,EUR,DKK,7.4594
2024-04-10,EUR,NOK,11.5665
2024-04-10,EUR,PLN,4.2563
2024-04-10,EUR,RON,4.969
2024-04-10,EUR,SEK,11.4345
2024-04-11,EUR,CZK,25.392
2024-04-11,EUR,DKK,7.4604
2024-04-11,EUR,NOK,11.618
2024-04-11,EUR,PLN,4.257
2024-04-11,EUR,RON,4.9713
2024-04-11,EUR,SEK,11.531
2024-04-12,EUR,CZK,25.337
2024-04-12,EUR,DKK,7.4603
2024-04-12,EUR,NOK,11.587
2024-04-12,EUR,PLN,4.2603
2024-04-12,EUR,RON,4.9717
2024-04-12,EUR,SEK,11.5699
2024-04-15,EUR,CZK,25.324
2024-04-15,EUR,DKK,7.4606
2024-04-15,EUR,NOK,11.626
2024-04-15,EUR,PLN,4.2938
2024-04-15,EUR,RON,4.9742
2024-04-15,EUR,SEK,11.5583
2024-04-16,EUR,CZK,25.21
2024-04-16,EUR,DKK,7.4609
2024-04-16,EUR,NOK,11.6745
2024-04-16,EUR,PLN,4.3435
2024-04-16,EUR,RON,4.9764
2024-04-16,EUR,SEK,11.635
2024-04-17,EUR,CZK,25.228
2024-04-17,EUR,DKK,7.4611
2024-04-17,EUR,NOK,11.696
2024-04-17,EUR,PLN,4.3508
2024-04-17,EUR,RON,4.9758
2024-04-17,EUR,SEK,11.6793
2024-04-18,EUR,CZK,25.254
2024-04-18,EUR,DKK,7.4616
2024-04-18,EUR,NOK,11.7375
2024-04-18,EUR,PLN,4.3255
2024-04-18,EUR,RON,4.9758
2024-04-18,EUR,SEK,11.637
2024-04-19,EUR,CZK,25.267
2024-04-19,EUR,DKK,7.4622
2024-04-19,EUR,NOK,11.765
2024-04-19,EUR,PLN,4.33
2024-04-19,EUR,RON,4.9764
2024-04-19,EUR,SEK,11.664
2024-04-22,EUR,CZK,25.275
2024-04-22,EUR,DKK,7.4615
2024-04-22,EUR,NOK,11.7185
2024-04-22,EUR,PLN,4.3188
2024-04-22,EUR,RON,4.9756
2024-04-22,EUR,SEK,11.6015
2024-04-23,EUR,CZK,25.256
2024-04-23,EUR,DKK,7.4607
2024-04-23,EUR,NOK,11.731
2024-04-23,EUR,PLN,4.3158
2024-04-23,EUR,RON,4.9761
2024-04-23,EUR,SEK,11.603
2024-04-24,EUR,CZK,25.242
2024-04-24,EUR,DKK,7.4575
2024-04-24,EUR,NOK,11.733
2024-04-24,EUR,PLN,4.3193
2024-04-24,EUR,RON,4.9757
2024-04-24,EUR,SEK,11.6225
2024-04-25,EUR,CZK,25.152
2024-04-25,EUR,DKK,7.4587
2024-04-25,EUR,NOK,11.714
2024-04-25,EUR,PLN,4.3165
2024-04-25,EUR,RON,4.9761
2024-04-25,EUR,SEK,11.639
2024-04-26,EUR,CZK,25.164
2024-04-26,EUR,DKK,7.4573
2024-04-26,EUR,NOK,11.7995
2024-04-26,EUR,PLN,4.3205
2024-04-26,EUR,RON,4.9764
2024-04-26,EUR,SEK,11.7052
2024-04-29,EUR,CZK,25.175
2024-04-29,EUR,DKK,7.4581
2024-04-29,EUR,NOK,11.7835
2024-04-29,EUR,PLN,4.3255
2024-04-29,EUR,RON,4.9759
2024-04-29,EUR,SEK,11.685
2024-04-30,EUR,CZK,25.14
2024-04-30,EUR,DKK,7.4583
2024-04-30,EUR,NOK,11.815
2024-04-30,EUR,PLN,4.3178
2024-04-30,EUR,RON,4.9759
2024-04-30,EUR,SEK,11.753
2024-05-02,EUR,CZK,25.09
2024-05-02,EUR,DKK,7.4589
2024-05-02,EUR,NOK,11.843
2024-05-02,EUR,PLN,4.3278
2024-05-02,EUR,RON,4.9763
2024-05-02,EUR,SEK,11.682
2024-05-03,EUR,CZK,25.025
2024-05-03,EUR,DKK,7.4583
2024-05-03,EUR,NOK,11.708
2024-05-03,EUR,PLN,4.329
2024-05-03,EUR,RON,4.9761
2024-05-03,EUR,SEK,11.6398
2024-05-06,EUR,CZK,24.995
2024-05-06,EUR,DKK,7.4589
2024-05-06,EUR,NOK,11.6663
2024-05-06,EUR,PLN,4.3185
2024-05-06,EUR,RON,4.9688
2024-05-06,EUR,SEK,11.625
2024-05-07,EUR,CZK,25.014
2024-05-07,EUR,DKK,7.4596
2024-05-07,EUR,NOK,11.698
2024-05-07,EUR,PLN,4.3138
2024-05-07,EUR,RON,4.9757
2024-05-07,EUR,SEK,11.681
2024-05-08,EUR,CZK,25.036
2024-05-08,EUR,DKK,7.4599
2024-05-08,EUR,NOK,11.757
2024-05-08,EUR,PLN,4.3075
2024-05-08,EUR,RON,4.9757
2024-05-08,EUR,SEK,11.733
2024-05-09,EUR,CZK,24.935
2024-05-09,EUR,DKK,7.4594
2024-05-09,EUR,NOK,11.7215
2024-05-09,EUR,PLN,4.292
2024-05-09,EUR,RON,4.9753
2024-05-09,EUR,SEK,11.7205
2024-05-10,EUR,CZK,24.936
2024-05-10,EUR,DKK,7.4607
2024-05-10,EUR,NOK,11.6735
2024-05-10,EUR,PLN,4.2968
2024-05-10,EUR,RON,4.9758
2024-05-10,EUR,SEK,11.6865
2024-05-13,EUR,CZK,24.779
2024-05-13,EUR,DKK,7.4608
2024-05-13,EUR,NOK,11.68
2024-05-13,EUR,PLN,4.286
2024-05-13,EUR,RON,4.9762
2024-05-13,EUR,SEK,11.7
2024-05-14,EUR,CZK,24.75
2024-05-14,EUR,DKK,7.4608
2024-05-14,EUR,NOK,11.6815
2024-05-14,EUR,PLN,4.2695
2024-05-14,EUR,RON,4.9758
2024-05-14,EUR,SEK,11.7285
2024-05-15,EUR,CZK,24.766
2024-05-15,EUR,DKK,7.4617
2024-05-15,EUR,NOK,11.649
2024-05-15,EUR,PLN,4.269
2024-05-15,EUR,RON,4.9758
2024-05-15,EUR,SEK,11.6751
2024-05-16,EUR,CZK,24.709
2024-05-16,EUR,DKK,7.4612
2024-05-16,EUR,NOK,11.642
2024-05-16,EUR,PLN,4.2648
2024-05-16,EUR,RON,4.9755
2024-05-16,EUR,SEK,11.6172
2024-05-17,EUR,CZK,24.722
2024-05-17,EUR,DKK,7.4615
2024-05-17,EUR,NOK,11.633
2024-05-17,EUR,PLN,4.265
2024-05-17,EUR,RON,4.9752
2024-05-17,EUR,SEK,11.655
2024-05-20,EUR,CZK,24.748
2024-05-20,EUR,DKK,7.4611
2024-05-20,EUR,NOK,11.6115
2024-05-20,EUR,PLN,4.2533
2024-05-20,EUR,RON,4.975
2024-05-20,EUR,SEK,11.6127
2024-05-21,EUR,CZK,24.682
2024-05-21,EUR,DKK,7.4617
2024-05-21,EUR,NOK,11.583
2024-05-21,EUR,PLN,4.2553
2024-05-21,EUR,RON,4.9743
2024-05-21,EUR,SEK,11.581
2024-05-22,EUR,CZK,24.748
2024-05-22,EUR,DKK,7.4617
2024-05-22,EUR,NOK,11.585
2024-05-22,EUR,PLN,4.2686
2024-05-22,EUR,RON,4.9751
2024-05-22,EUR,SEK,11.6325
2024-05-23,EUR,CZK,24.738
2024-05-23,EUR,DKK,7.4624
2024-05-23,EUR,NOK,11.5165
2024-05-23,EUR,PLN,4.263
2024-05-23,EUR,RON,4.9754
2024-05-23,EUR,SEK,11.5925
2024-05-24,EUR,CZK,24.736
2024-05-24,EUR,DKK,7.4612
2024-05-24,EUR,NOK,11.4953
2024-05-24,EUR,PLN,4.2553
2024-05-24,EUR,RON,4.9743
2024-05-24,EUR,SEK,11.599
2024-05-27,EUR,CZK,24.733
2024-05-27,EUR,DKK,7.4619
2024-05-27,EUR,NOK,11.415
2024-05-27,EUR,PLN,4.2553
2024-05-27,EUR,RON,4.9763
2024-05-27,EUR,SEK,11.54
2024-05-28,EUR,CZK,24.655
2024-05-28,EUR,DKK,7.4616
2024-05-28,EUR,NOK,11.407
2024-05-28,EUR,PLN,4.2483
2024-05-28,EUR,RON,4.9759
2024-05-28,EUR,SEK,11.466
2024-05-29,EUR,CZK,24.731
2024-05-29,EUR,DKK,7.4607
2024-05-29,EUR,NOK,11.417
2024-05-29,EUR,PLN,4.264
2024-05-29,EUR,RON,4.9768
2024-05-29,EUR,SEK,11.5215
2024-05-30,EUR,CZK,24.77
2024-05-30,EUR,DKK,7.4595
2024-05-30,EUR,NOK,11.4065
2024-05-30,EUR,PLN,4.2848
2024-05-30,EUR,RON,4.9764
2024-05-30,EUR,SEK,11.4995
2024-05-31,EUR,CZK,24.709
2024-05-31,EUR,DKK,7.4588
2024-05-31,EUR,NOK,11.383
2024-05-31,EUR,PLN,4.2645
2024-05-31,EUR,RON,4.9767
2024-05-31,EUR,SEK,11.421
2024-06-03,EUR,CZK,24.724
2024-06-03,EUR,DKK,7.459
2024-06-03,EUR,NOK,11.3885
2024-06-03,EUR,PLN,4.2815
2024-06-03,EUR,RON,4.9762
2024-06-03,EUR,SEK,11.4035
2024-06-04,EUR,CZK,24.755
2024-06-04,EUR,DKK,7.459
2024-06-04,EUR,NOK,11.489
2024-06-04,EUR,PLN,4.3005
2024-06-04,EUR,RON,4.975
2024-06-04,EUR,SEK,11.3755
2024-06-05,EUR,CZK,24.654
2024-06-05,EUR,DKK,7.4592
2024-06-05,EUR,NOK,11.475
2024-06-05,EUR,PLN,4.3045
2024-06-05,EUR,RON,4.9755
2024-06-05,EUR,SEK,11.3275
2024-06-06,EUR,CZK,24.632
2024-06-06,EUR,DKK,7.4592
2024-06-06,EUR,NOK,11.5
2024-06-06,EUR,PLN,4.3015
2024-06-06,EUR,RON,4.9758
2024-06-06,EUR,SEK,11.293
2024-06-07,EUR,CZK,24.577
2024-06-07,EUR,DKK,7.4613
2024-06-07,EUR,NOK,11.4865
2024-06-07,EUR,PLN,4.288
2024-06-07,EUR,RON,4.9763
2024-06-07,EUR,SEK,11.3075
2024-06-10,EUR,CZK,24.636
2024-06-10,EUR,DKK,7.4592
2024-06-10,EUR,NOK,11.512
2024-06-10,EUR,PLN,4.324
2024-06-10,EUR,RON,4.9769
2024-06-10,EUR,SEK,11.333
2024-06-11,EUR,CZK,24.706
2024-06-11,EUR,DKK,7.4584
2024-06-11,EUR,NOK,11.491
2024-06-11,EUR,PLN,4.3413
2024-06-11,EUR,RON,4.9768
2024-06-11,EUR,SEK,11.2467
2024-06-12,EUR,CZK,24.686
2024-06-12,EUR,DKK,7.4588
2024-06-12,EUR,NOK,11.4675
2024-06-12,EUR,PLN,4.3385
2024-06-12,EUR,RON,4.9768
2024-06-12,EUR,SEK,11.2345
2024-06-13,EUR,CZK,24.699
2024-06-13,EUR,DKK,7.4593
2024-06-13,EUR,NOK,11.4315
2024-06-13,EUR,PLN,4.3473
2024-06-13,EUR,RON,4.9773
2024-06-13,EUR,SEK,11.221
2024-06-14,EUR,CZK,24.736
2024-06-14,EUR,DKK,7.4605
2024-06-14,EUR,NOK,11.4025
2024-06-14,EUR,PLN,4.3733
2024-06-14,EUR,RON,4.9773
2024-06-14,EUR,SEK,11.2731
2024-06-17,EUR,CZK,24.699
2024-06-17,EUR,DKK,7.4603
2024-06-17,EUR,NOK,11.486
2024-06-17,EUR,PLN,4.36
2024-06-17,EUR,RON,4.9769
2024-06-17,EUR,SEK,11.2933
2024-06-18,EUR,CZK,24.767
2024-06-18,EUR,DKK,7.4601
2024-06-18,EUR,NOK,11.448
2024-06-18,EUR,PLN,4.3503
2024-06-18,EUR,RON,4.9763
2024-06-18,EUR,SEK,11.255
2024-06-19,EUR,CZK,24.91
2024-06-19,EUR,DKK,7.4592
2024-06-19,EUR,NOK,11.354
2024-06-19,EUR,PLN,4.33
2024-06-19,EUR,RON,4.9768
2024-06-19,EUR,SEK,11.214
2024-06-20,EUR,CZK,24.898
2024-06-20,EUR,DKK,7.4581
2024-06-20,EUR,NOK,11.2915
2024-06-20,EUR,PLN,4.321
2024-06-20,EUR,RON,4.9771
2024-06-20,EUR,SEK,11.198
2024-06-21,EUR,CZK,24.949
2024-06-21,EUR,DKK,7.458
2024-06-21,EUR,NOK,11.2685
2024-06-21,EUR,PLN,4.322
2024-06-21,EUR,RON,4.9773
2024-06-21,EUR,SEK,11.2445
2024-06-24,EUR,CZK,24.893
2024-06-24,EUR,DKK,7.4593
2024-06-24,EUR,NOK,11.349
2024-06-24,EUR,PLN,4.3003
2024-06-24,EUR,RON,4.9774
2024-06-24,EUR,SEK,11.2555
2024-06-25,EUR,CZK,24.819
2024-06-25,EUR,DKK,7.4594
2024-06-25,EUR,NOK,11.3265
2024-06-25,EUR,PLN,4.2995
2024-06-25,EUR,RON,4.977
2024-06-25,EUR,SEK,11.2255
2024-06-26,EUR,CZK,24.877
2024-06-26,EUR,DKK,7.4591
2024-06-26,EUR,NOK,11.3945
2024-06-26,EUR,PLN,4.3075
2024-06-26,EUR,RON,4.9769
2024-06-26,EUR,SEK,11.3038
2024-06-27,EUR,CZK,24.933
2024-06-27,EUR,DKK,7.4583
2024-06-27,EUR,NOK,11.398
2024-06-27,EUR,PLN,4.3188
2024-06-27,EUR,RON,4.9779
2024-06-27,EUR,SEK,11.338
2024-06-28,EUR,CZK,25.025
2024-06-28,EUR,DKK,7.4575
2024-06-28,EUR,NOK,11.3965
2024-06-28,EUR,PLN,4.309
2024-06-28,EUR,RON,4.9773
2024-06-28,EUR,SEK,11.3595
2024-07-01,EUR,CZK,25.048
2024-07-01,EUR,DKK,7.4586
2024-07-01,EUR,NOK,11.4315
2024-07-01,EUR,PLN,4.3008
2024-07-01,EUR,RON,4.9766
2024-07-01,EUR,SEK,11.3675
2024-07-02,EUR,CZK,25.185
2024-07-02,EUR,DKK,7.459
2024-07-02,EUR,NOK,11.4795
2024-07-02,EUR,PLN,4.325
2024-07-02,EUR,RON,4.9769
2024-07-02,EUR,SEK,11.417
2024-07-03,EUR,CZK,25.194
2024-07-03,EUR,DKK,7.4587
2024-07-03,EUR,NOK,11.4583
2024-07-03,EUR,PLN,4.3018
2024-07-03,EUR,RON,4.9773
2024-07-03,EUR,SEK,11.371
2024-07-04,EUR,CZK,25.143
2024-07-04,EUR,DKK,7.4588
2024-07-04,EUR,NOK,11.4015
2024-07-04,EUR,PLN,4.2918
2024-07-04,EUR,RON,4.9769
2024-07-04,EUR,SEK,11.3375
2024-07-05,EUR,CZK,25.202
2024-07-05,EUR,DKK,7.4593
2024-07-05,EUR,NOK,11.448
2024-07-05,EUR,PLN,4.2798
2024-07-05,EUR,RON,4.9772
2024-07-05,EUR,SEK,11.3605
2024-07-08,EUR,CZK,25.162
2024-07-08,EUR,DKK,7.4586
2024-07-08,EUR,NOK,11.4575
2024-07-08,EUR,PLN,4.2778
2024-07-08,EUR,RON,4.9748
2024-07-08,EUR,SEK,11.3805
2024-07-09,EUR,CZK,25.231
2024-07-09,EUR,DKK,7.4595
2024-07-09,EUR,NOK,11.489
2024-07-09,EUR,PLN,4.2643
2024-07-09,EUR,RON,4.9731
2024-07-09,EUR,SEK,11.422
2024-07-10,EUR,CZK,25.379
2024-07-10,EUR,DKK,7.4603
2024-07-10,EUR,NOK,11.607
2024-07-10,EUR,PLN,4.2555
2024-07-10,EUR,RON,4.9734
2024-07-10,EUR,SEK,11.4075
2024-07-11,EUR,CZK,25.361
2024-07-11,EUR,DKK,7.4606
2024-07-11,EUR,NOK,11.6725
2024-07-11,EUR,PLN,4.2545
2024-07-11,EUR,RON,4.9755
2024-07-11,EUR,SEK,11.419
2024-07-12,EUR,CZK,25.341
2024-07-12,EUR,DKK,7.461
2024-07-12,EUR,NOK,11.7025
2024-07-12,EUR,PLN,4.2548
2024-07-12,EUR,RON,4.9729
2024-07-12,EUR,SEK,11.4965
2024-07-15,EUR,CZK,25.422
2024-07-15,EUR,DKK,7.4614
2024-07-15,EUR,NOK,11.746
2024-07-15,EUR,PLN,4.2495
2024-07-15,EUR,RON,4.9692
2024-07-15,EUR,SEK,11.5375
2024-07-16,EUR,CZK,25.352
2024-07-16,EUR,DKK,7.4611
2024-07-16,EUR,NOK,11.7815
2024-07-16,EUR,PLN,4.2683
2024-07-16,EUR,RON,4.9662
2024-07-16,EUR,SEK,11.5545
2024-07-17,EUR,CZK,25.29
2024-07-17,EUR,DKK,7.4595
2024-07-17,EUR,NOK,11.7575
2024-07-17,EUR,PLN,4.2948
2024-07-17,EUR,RON,4.9675
2024-07-17,EUR,SEK,11.5085
2024-07-18,EUR,CZK,25.264
2024-07-18,EUR,DKK,7.4603
2024-07-18,EUR,NOK,11.748
2024-07-18,EUR,PLN,4.2918
2024-07-18,EUR,RON,4.9693
2024-07-18,EUR,SEK,11.5338
2024-07-19,EUR,CZK,25.261
2024-07-19,EUR,DKK,7.461
2024-07-19,EUR,NOK,11.8255
2024-07-19,EUR,PLN,4.2853
2024-07-19,EUR,RON,4.9712
2024-07-19,EUR,SEK,11.61
2024-07-22,EUR,CZK,25.231
2024-07-22,EUR,DKK,7.4617
2024-07-22,EUR,NOK,11.9165
2024-07-22,EUR,PLN,4.2788
2024-07-22,EUR,RON,4.972
2024-07-22,EUR,SEK,11.6295
2024-07-23,EUR,CZK,25.362
2024-07-23,EUR,DKK,7.461
2024-07-23,EUR,NOK,11.9635
2024-07-23,EUR,PLN,4.277
2024-07-23,EUR,RON,4.9729
2024-07-23,EUR,SEK,11.6735
2024-07-24,EUR,CZK,25.425
2024-07-24,EUR,DKK,7.4618
2024-07-24,EUR,NOK,11.942
2024-07-24,EUR,PLN,4.289
2024-07-24,EUR,RON,4.9706
2024-07-24,EUR,SEK,11.6875
2024-07-25,EUR,CZK,25.389
2024-07-25,EUR,DKK,7.4625
2024-07-25,EUR,NOK,12.0825
2024-07-25,EUR,PLN,4.2968
2024-07-25,EUR,RON,4.9697
2024-07-25,EUR,SEK,11.774
2024-07-26,EUR,CZK,25.37
2024-07-26,EUR,DKK,7.4626
2024-07-26,EUR,NOK,11.937
2024-07-26,EUR,PLN,4.274
2024-07-26,EUR,RON,4.9718
2024-07-26,EUR,SEK,11.7325
2024-07-29,EUR,CZK,25.371
2024-07-29,EUR,DKK,7.4625
2024-07-29,EUR,NOK,11.9155
2024-07-29,EUR,PLN,4.2938
2024-07-29,EUR,RON,4.9725
2024-07-29,EUR,SEK,11.7265
2024-07-30,EUR,CZK,25.429
2024-07-30,EUR,DKK,7.4619
2024-07-30,EUR,NOK,11.8885
2024-07-30,EUR,PLN,4.2838
2024-07-30,EUR,RON,4.9766
2024-07-30,EUR,SEK,11.686
2024-07-31,EUR,CZK,25.457
2024-07-31,EUR,DKK,7.4621
2024-07-31,EUR,NOK,11.8175
2024-07-31,EUR,PLN,4.2908
2024-07-31,EUR,RON,4.9749
2024-07-31,EUR,SEK,11.6125
2024-08-01,EUR,CZK,25.454
2024-08-01,EUR,DKK,7.4613
2024-08-01,EUR,NOK,11.7465
2024-08-01,EUR,PLN,4.2958
2024-08-01,EUR,RON,4.9756
2024-08-01,EUR,SEK,11.522
2024-08-02,EUR,CZK,25.271
2024-08-02,EUR,DKK,7.4621
2024-08-02,EUR,NOK,11.929
2024-08-02,EUR,PLN,4.289
2024-08-02,EUR,RON,4.9756
2024-08-02,EUR,SEK,11.5843
2024-08-05,EUR,CZK,25.314
2024-08-05,EUR,DKK,7.4607
2024-08-05,EUR,NOK,12.1108
2024-08-05,EUR,PLN,4.3128
2024-08-05,EUR,RON,4.9768
2024-08-05,EUR,SEK,11.534
2024-08-06,EUR,CZK,25.286
2024-08-06,EUR,DKK,7.4628
2024-08-06,EUR,NOK,12.0005
2024-08-06,EUR,PLN,4.3105
2024-08-06,EUR,RON,4.9772
2024-08-06,EUR,SEK,11.559
2024-08-07,EUR,CZK,25.27
2024-08-07,EUR,DKK,7.4627
2024-08-07,EUR,NOK,11.781
2024-08-07,EUR,PLN,4.3173
2024-08-07,EUR,RON,4.9768
2024-08-07,EUR,SEK,11.4235
2024-08-08,EUR,CZK,25.273
2024-08-08,EUR,DKK,7.4619
2024-08-08,EUR,NOK,11.8825
2024-08-08,EUR,PLN,4.319
2024-08-08,EUR,RON,4.9767
2024-08-08,EUR,SEK,11.4955
2024-08-09,EUR,CZK,25.234
2024-08-09,EUR,DKK,7.4622
2024-08-09,EUR,NOK,11.8295
2024-08-09,EUR,PLN,4.3253
2024-08-09,EUR,RON,4.9769
2024-08-09,EUR,SEK,11.4955
2024-08-12,EUR,CZK,25.178
2024-08-12,EUR,DKK,7.4628
2024-08-12,EUR,NOK,11.7745
2024-08-12,EUR,PLN,4.3058
2024-08-12,EUR,RON,4.9767
2024-08-12,EUR,SEK,11.4935
2024-08-13,EUR,CZK,25.203
2024-08-13,EUR,DKK,7.4621
2024-08-13,EUR,NOK,11.797
2024-08-13,EUR,PLN,4.289
2024-08-13,EUR,RON,4.9757
2024-08-13,EUR,SEK,11.506
2024-08-14,EUR,CZK,25.197
2024-08-14,EUR,DKK,7.462
2024-08-14,EUR,NOK,11.7665
2024-08-14,EUR,PLN,4.2975
2024-08-14,EUR,RON,4.9763
2024-08-14,EUR,SEK,11.4843
2024-08-15,EUR,CZK,25.2
2024-08-15,EUR,DKK,7.4619
2024-08-15,EUR,NOK,11.7455
2024-08-15,EUR,PLN,4.2815
2024-08-15,EUR,RON,4.9764
2024-08-15,EUR,SEK,11.5135
2024-08-16,EUR,CZK,25.239
2024-08-16,EUR,DKK,7.4616
2024-08-16,EUR,NOK,11.8185
2024-08-16,EUR,PLN,4.2703
2024-08-16,EUR,RON,4.9758
2024-08-16,EUR,SEK,11.5435
2024-08-19,EUR,CZK,25.181
2024-08-19,EUR,DKK,7.4616
2024-08-19,EUR,NOK,11.7345
2024-08-19,EUR,PLN,4.2688
2024-08-19,EUR,RON,4.9773
2024-08-19,EUR,SEK,11.4871
2024-08-20,EUR,CZK,25.158
2024-08-20,EUR,DKK,7.4623
2024-08-20,EUR,NOK,11.6825
2024-08-20,EUR,PLN,4.2643
2024-08-20,EUR,RON,4.9768
2024-08-20,EUR,SEK,11.3825
2024-08-21,EUR,CZK,25.11
2024-08-21,EUR,DKK,7.4615
2024-08-21,EUR,NOK,11.683
2024-08-21,EUR,PLN,4.2858
2024-08-21,EUR,RON,4.977
2024-08-21,EUR,SEK,11.378
2024-08-22,EUR,CZK,25.092
2024-08-22,EUR,DKK,7.4619
2024-08-22,EUR,NOK,11.7685
2024-08-22,EUR,PLN,4.2815
2024-08-22,EUR,RON,4.9764
2024-08-22,EUR,SEK,11.392
2024-08-23,EUR,CZK,25.078
2024-08-23,EUR,DKK,7.4615
2024-08-23,EUR,NOK,11.802
2024-08-23,EUR,PLN,4.2775
2024-08-23,EUR,RON,4.9763
2024-08-23,EUR,SEK,11.4355
2024-08-26,EUR,CZK,25.034
2024-08-26,EUR,DKK,7.461
2024-08-26,EUR,NOK,11.7785
2024-08-26,EUR,PLN,4.2815
2024-08-26,EUR,RON,4.9756
2024-08-26,EUR,SEK,11.403
2024-08-27,EUR,CZK,25.034
2024-08-27,EUR,DKK,7.4609
2024-08-27,EUR,NOK,11.723
2024-08-27,EUR,PLN,4.2783
2024-08-27,EUR,RON,4.9771
2024-08-27,EUR,SEK,11.3758
2024-08-28,EUR,CZK,25.053
2024-08-28,EUR,DKK,7.4593
2024-08-28,EUR,NOK,11.712
2024-08-28,EUR,PLN,4.3003
2024-08-28,EUR,RON,4.9773
2024-08-28,EUR,SEK,11.335
2024-08-29,EUR,CZK,25.043
2024-08-29,EUR,DKK,7.4588
2024-08-29,EUR,NOK,11.641
2024-08-29,EUR,PLN,4.2898
2024-08-29,EUR,RON,4.9774
2024-08-29,EUR,SEK,11.3455
2024-08-30,EUR,CZK,25.031
2024-08-30,EUR,DKK,7.4589
2024-08-30,EUR,NOK,11.662
2024-08-30,EUR,PLN,4.2763
2024-08-30,EUR,RON,4.9768
2024-08-30,EUR,SEK,11.3355
2024-09-02,EUR,CZK,25.045
2024-09-02,EUR,DKK,7.4587
2024-09-02,EUR,NOK,11.73
2024-09-02,EUR,PLN,4.275
2024-09-02,EUR,RON,4.9753
2024-09-02,EUR,SEK,11.351
2024-09-03,EUR,CZK,25.071
2024-09-03,EUR,DKK,7.4595
2024-09-03,EUR,NOK,11.766
2024-09-03,EUR,PLN,4.2783
2024-09-03,EUR,RON,4.9735
2024-09-03,EUR,SEK,11.372
2024-09-04,EUR,CZK,25.086
2024-09-04,EUR,DKK,7.4605
2024-09-04,EUR,NOK,11.805
2024-09-04,EUR,PLN,4.2788
2024-09-04,EUR,RON,4.9726
2024-09-04,EUR,SEK,11.411
2024-09-05,EUR,CZK,25.027
2024-09-05,EUR,DKK,7.4611
2024-09-05,EUR,NOK,11.7895
2024-09-05,EUR,PLN,4.2683
2024-09-05,EUR,RON,4.9708
2024-09-05,EUR,SEK,11.3995
2024-09-06,EUR,CZK,25.034
2024-09-06,EUR,DKK,7.462
2024-09-06,EUR,NOK,11.8015
2024-09-06,EUR,PLN,4.28
2024-09-06,EUR,RON,4.9735
2024-09-06,EUR,SEK,11.3698
2024-09-09,EUR,CZK,25.051
2024-09-09,EUR,DKK,7.4616
2024-09-09,EUR,NOK,11.9405
2024-09-09,EUR,PLN,4.278
2024-09-09,EUR,RON,4.9743
2024-09-09,EUR,SEK,11.455
2024-09-10,EUR,CZK,25.058
2024-09-10,EUR,DKK,7.4623
2024-09-10,EUR,NOK,11.902
2024-09-10,EUR,PLN,4.2833
2024-09-10,EUR,RON,4.9745
2024-09-10,EUR,SEK,11.4355
2024-09-11,EUR,CZK,25.088
2024-09-11,EUR,DKK,7.4624
2024-09-11,EUR,NOK,11.937
2024-09-11,EUR,PLN,4.2873
2024-09-11,EUR,RON,4.9742
2024-09-11,EUR,SEK,11.435
2024-09-12,EUR,CZK,25.122
2024-09-12,EUR,DKK,7.462
2024-09-12,EUR,NOK,11.934
2024-09-12,EUR,PLN,4.2978
2024-09-12,EUR,RON,4.974
2024-09-12,EUR,SEK,11.414
2024-09-13,EUR,CZK,25.147
2024-09-13,EUR,DKK,7.4627
2024-09-13,EUR,NOK,11.8495
2024-09-13,EUR,PLN,4.2898
2024-09-13,EUR,RON,4.9738
2024-09-13,EUR,SEK,11.3635
2024-09-16,EUR,CZK,25.128
2024-09-16,EUR,DKK,7.4621
2024-09-16,EUR,NOK,11.78
2024-09-16,EUR,PLN,4.2708
2024-09-16,EUR,RON,4.9744
2024-09-16,EUR,SEK,11.3195
2024-09-17,EUR,CZK,25.125
2024-09-17,EUR,DKK,7.4621
2024-09-17,EUR,NOK,11.7885
2024-09-17,EUR,PLN,4.2683
2024-09-17,EUR,RON,4.9738
2024-09-17,EUR,SEK,11.3245
2024-09-18,EUR,CZK,25.07
2024-09-18,EUR,DKK,7.4613
2024-09-18,EUR,NOK,11.7753
2024-09-18,EUR,PLN,4.27
2024-09-18,EUR,RON,4.9749
2024-09-18,EUR,SEK,11.324
2024-09-19,EUR,CZK,25.081
2024-09-19,EUR,DKK,7.4592
2024-09-19,EUR,NOK,11.6678
2024-09-19,EUR,PLN,4.2658
2024-09-19,EUR,RON,4.9744
2024-09-19,EUR,SEK,11.3175
2024-09-20,EUR,CZK,25.078
2024-09-20,EUR,DKK,7.459
2024-09-20,EUR,NOK,11.733
2024-09-20,EUR,PLN,4.2763
2024-09-20,EUR,RON,4.9745
2024-09-20,EUR,SEK,11.381
2024-09-23,EUR,CZK,25.098
2024-09-23,EUR,DKK,7.4581
2024-09-23,EUR,NOK,11.686
2024-09-23,EUR,PLN,4.275
2024-09-23,EUR,RON,4.9742
2024-09-23,EUR,SEK,11.362
2024-09-24,EUR,CZK,25.155
2024-09-24,EUR,DKK,7.4571
2024-09-24,EUR,NOK,11.612
2024-09-24,EUR,PLN,4.2665
2024-09-24,EUR,RON,4.9756
2024-09-24,EUR,SEK,11.2935
2024-09-25,EUR,CZK,25.123
2024-09-25,EUR,DKK,7.4575
2024-09-25,EUR,NOK,11.684
2024-09-25,EUR,PLN,4.2643
2024-09-25,EUR,RON,4.976
2024-09-25,EUR,SEK,11.311
2024-09-26,EUR,CZK,25.159
2024-09-26,EUR,DKK,7.4572
2024-09-26,EUR,NOK,11.7865
2024-09-26,EUR,PLN,4.271
2024-09-26,EUR,RON,4.9759
2024-09-26,EUR,SEK,11.3
2024-09-27,EUR,CZK,25.158
2024-09-27,EUR,DKK,7.457
2024-09-27,EUR,NOK,11.7575
2024-09-27,EUR,PLN,4.2738
2024-09-27,EUR,RON,4.9764
2024-09-27,EUR,SEK,11.273
2024-09-30,EUR,CZK,25.184
2024-09-30,EUR,DKK,7.456
2024-09-30,EUR,NOK,11.7645
2024-09-30,EUR,PLN,4.2788
2024-09-30,EUR,RON,4.9753
2024-09-30,EUR,SEK,11.3
2024-10-01,EUR,CZK,25.272
2024-10-01,EUR,DKK,7.4578
2024-10-01,EUR,NOK,11.7305
2024-10-01,EUR,PLN,4.2853
2024-10-01,EUR,RON,4.9759
2024-10-01,EUR,SEK,11.3145
2024-10-02,EUR,CZK,25.316
2024-10-02,EUR,DKK,7.4593
2024-10-02,EUR,NOK,11.6735
2024-10-02,EUR,PLN,4.295
2024-10-02,EUR,RON,4.9763
2024-10-02,EUR,SEK,11.3495
2024-10-03,EUR,CZK,25.357
2024-10-03,EUR,DKK,7.4595
2024-10-03,EUR,NOK,11.7195
2024-10-03,EUR,PLN,4.3058
2024-10-03,EUR,RON,4.9766
2024-10-03,EUR,SEK,11.361
2024-10-04,EUR,CZK,25.347
2024-10-04,EUR,DKK,7.4579
2024-10-04,EUR,NOK,11.6845
2024-10-04,EUR,PLN,4.3145
2024-10-04,EUR,RON,4.9769
2024-10-04,EUR,SEK,11.3375
2024-10-07,EUR,CZK,25.346
2024-10-07,EUR,DKK,7.4572
2024-10-07,EUR,NOK,11.656
2024-10-07,EUR,PLN,4.3215
2024-10-07,EUR,RON,4.9778
2024-10-07,EUR,SEK,11.366
2024-10-08,EUR,CZK,25.313
2024-10-08,EUR,DKK,7.4579
2024-10-08,EUR,NOK,11.687
2024-10-08,EUR,PLN,4.3083
2024-10-08,EUR,RON,4.9773
2024-10-08,EUR,SEK,11.349
2024-10-09,EUR,CZK,25.348
2024-10-09,EUR,DKK,7.4586
2024-10-09,EUR,NOK,11.786
2024-10-09,EUR,PLN,4.2978
2024-10-09,EUR,RON,4.9759
2024-10-09,EUR,SEK,11.362
2024-10-10,EUR,CZK,25.317
2024-10-10,EUR,DKK,7.4592
2024-10-10,EUR,NOK,11.792
2024-10-10,EUR,PLN,4.3048
2024-10-10,EUR,RON,4.9756
2024-10-10,EUR,SEK,11.3655
2024-10-11,EUR,CZK,25.293
2024-10-11,EUR,DKK,7.461
2024-10-11,EUR,NOK,11.7393
2024-10-11,EUR,PLN,4.2898
2024-10-11,EUR,RON,4.9749
2024-10-11,EUR,SEK,11.354
2024-10-14,EUR,CZK,25.263
2024-10-14,EUR,DKK,7.4613
2024-10-14,EUR,NOK,11.7465
2024-10-14,EUR,PLN,4.2893
2024-10-14,EUR,RON,4.9743
2024-10-14,EUR,SEK,11.3735
2024-10-15,EUR,CZK,25.242
2024-10-15,EUR,DKK,7.461
2024-10-15,EUR,NOK,11.766
2024-10-15,EUR,PLN,4.2938
2024-10-15,EUR,RON,4.9758
2024-10-15,EUR,SEK,11.301
2024-10-16,EUR,CZK,25.296
2024-10-16,EUR,DKK,7.461
2024-10-16,EUR,NOK,11.8015
2024-10-16,EUR,PLN,4.3
2024-10-16,EUR,RON,4.9761
2024-10-16,EUR,SEK,11.346
2024-10-17,EUR,CZK,25.256
2024-10-17,EUR,DKK,7.4605
2024-10-17,EUR,NOK,11.8735
2024-10-17,EUR,PLN,4.3113
2024-10-17,EUR,RON,4.9738
2024-10-17,EUR,SEK,11.418
2024-10-18,EUR,CZK,25.229
2024-10-18,EUR,DKK,7.4576
2024-10-18,EUR,NOK,11.8115
2024-10-18,EUR,PLN,4.3085
2024-10-18,EUR,RON,4.9733
2024-10-18,EUR,SEK,11.4205
2024-10-21,EUR,CZK,25.268
2024-10-21,EUR,DKK,7.4587
2024-10-21,EUR,NOK,11.838
2024-10-21,EUR,PLN,4.3175
2024-10-21,EUR,RON,4.9728
2024-10-21,EUR,SEK,11.4275
2024-10-22,EUR,CZK,25.252
2024-10-22,EUR,DKK,7.4576
2024-10-22,EUR,NOK,11.823
2024-10-22,EUR,PLN,4.317
2024-10-22,EUR,RON,4.9737
2024-10-22,EUR,SEK,11.4005
2024-10-23,EUR,CZK,25.235
2024-10-23,EUR,DKK,7.4583
2024-10-23,EUR,NOK,11.8525
2024-10-23,EUR,PLN,4.3433
2024-10-23,EUR,RON,4.9737
2024-10-23,EUR,SEK,11.412
2024-10-24,EUR,CZK,25.23
2024-10-24,EUR,DKK,7.4598
2024-10-24,EUR,NOK,11.8155
2024-10-24,EUR,PLN,4.3435
2024-10-24,EUR,RON,4.9728
2024-10-24,EUR,SEK,11.419
2024-10-25,EUR,CZK,25.25
2024-10-25,EUR,DKK,7.4609
2024-10-25,EUR,NOK,11.8195
2024-10-25,EUR,PLN,4.3478
2024-10-25,EUR,RON,4.9733
2024-10-25,EUR,SEK,11.4475
2024-10-28,EUR,CZK,25.348
2024-10-28,EUR,DKK,7.4585
2024-10-28,EUR,NOK,11.912
2024-10-28,EUR,PLN,4.35
2024-10-28,EUR,RON,4.9738
2024-10-28,EUR,SEK,11.471
2024-10-29,EUR,CZK,25.372
2024-10-29,EUR,DKK,7.4588
2024-10-29,EUR,NOK,11.8415
2024-10-29,EUR,PLN,4.348
2024-10-29,EUR,RON,4.9749
2024-10-29,EUR,SEK,11.517
2024-10-30,EUR,CZK,25.377
2024-10-30,EUR,DKK,7.4606
2024-10-30,EUR,NOK,11.8785
2024-10-30,EUR,PLN,4.3463
2024-10-30,EUR,RON,4.9747
2024-10-30,EUR,SEK,11.566
2024-10-31,EUR,CZK,25.327
2024-10-31,EUR,DKK,7.4601
2024-10-31,EUR,NOK,11.9385
2024-10-31,EUR,PLN,4.3508
2024-10-31,EUR,RON,4.9749
2024-10-31,EUR,SEK,11.6308
2024-11-01,EUR,CZK,25.33
2024-11-01,EUR,DKK,7.4562
2024-11-01,EUR,NOK,11.96
2024-11-01,EUR,PLN,4.3543
2024-11-01,EUR,RON,4.9745
2024-11-01,EUR,SEK,11.6115
2024-11-04,EUR,CZK,25.288
2024-11-04,EUR,DKK,7.4578
2024-11-04,EUR,NOK,11.9465
2024-11-04,EUR,PLN,4.3423
2024-11-04,EUR,RON,4.975
2024-11-04,EUR,SEK,11.6445
2024-11-05,EUR,CZK,25.343
2024-11-05,EUR,DKK,7.4586
2024-11-05,EUR,NOK,11.96
2024-11-05,EUR,PLN,4.358
2024-11-05,EUR,RON,4.9756
2024-11-05,EUR,SEK,11.6665
2024-11-06,EUR,CZK,25.339
2024-11-06,EUR,DKK,7.457
2024-11-06,EUR,NOK,11.909
2024-11-06,EUR,PLN,4.3493
2024-11-06,EUR,RON,4.9755
2024-11-06,EUR,SEK,11.6515
2024-11-07,EUR,CZK,25.262
2024-11-07,EUR,DKK,7.4574
2024-11-07,EUR,NOK,11.7485
2024-11-07,EUR,PLN,4.3253
2024-11-07,EUR,RON,4.9759
2024-11-07,EUR,SEK,11.599
2024-11-08,EUR,CZK,25.208
2024-11-08,EUR,DKK,7.4573
2024-11-08,EUR,NOK,11.7735
2024-11-08,EUR,PLN,4.3255
2024-11-08,EUR,RON,4.9748
2024-11-08,EUR,SEK,11.59
2024-11-11,EUR,CZK,25.339
2024-11-11,EUR,DKK,7.4574
2024-11-11,EUR,NOK,11.7865
2024-11-11,EUR,PLN,4.344
2024-11-11,EUR,RON,4.9749
2024-11-11,EUR,SEK,11.592
2024-11-12,EUR,CZK,25.39
2024-11-12,EUR,DKK,7.4591
2024-11-12,EUR,NOK,11.7385
2024-11-12,EUR,PLN,4.3503
2024-11-12,EUR,RON,4.9763
2024-11-12,EUR,SEK,11.542
2024-11-13,EUR,CZK,25.295
2024-11-13,EUR,DKK,7.4598
2024-11-13,EUR,NOK,11.7645
2024-11-13,EUR,PLN,4.3425
2024-11-13,EUR,RON,4.9764
2024-11-13,EUR,SEK,11.5895
2024-11-14,EUR,CZK,25.305
2024-11-14,EUR,DKK,7.4593
2024-11-14,EUR,NOK,11.759
2024-11-14,EUR,PLN,4.3383
2024-11-14,EUR,RON,4.9764
2024-11-14,EUR,SEK,11.603
2024-11-15,EUR,CZK,25.286
2024-11-15,EUR,DKK,7.459
2024-11-15,EUR,NOK,11.699
2024-11-15,EUR,PLN,4.32
2024-11-15,EUR,RON,4.9768
2024-11-15,EUR,SEK,11.5905
2024-11-18,EUR,CZK,25.282
2024-11-18,EUR,DKK,7.4591
2024-11-18,EUR,NOK,11.717
2024-11-18,EUR,PLN,4.3278
2024-11-18,EUR,RON,4.9765
2024-11-18,EUR,SEK,11.6
2024-11-19,EUR,CZK,25.284
2024-11-19,EUR,DKK,7.4591
2024-11-19,EUR,NOK,11.6595
2024-11-19,EUR,PLN,4.3303
2024-11-19,EUR,RON,4.9769
2024-11-19,EUR,SEK,11.584
2024-11-20,EUR,CZK,25.286
2024-11-20,EUR,DKK,7.4592
2024-11-20,EUR,NOK,11.644
2024-11-20,EUR,PLN,4.3308
2024-11-20,EUR,RON,4.9765
2024-11-20,EUR,SEK,11.605
2024-11-21,EUR,CZK,25.346
2024-11-21,EUR,DKK,7.4588
2024-11-21,EUR,NOK,11.62
2024-11-21,EUR,PLN,4.3418
2024-11-21,EUR,RON,4.977
2024-11-21,EUR,SEK,11.607
2024-11-22,EUR,CZK,25.358
2024-11-22,EUR,DKK,7.4577
2024-11-22,EUR,NOK,11.568
2024-11-22,EUR,PLN,4.3373
2024-11-22,EUR,RON,4.9767
2024-11-22,EUR,SEK,11.553
2024-11-25,EUR,CZK,25.295
2024-11-25,EUR,DKK,7.4586
2024-11-25,EUR,NOK,11.5865
2024-11-25,EUR,PLN,4.3185
2024-11-25,EUR,RON,4.9767
2024-11-25,EUR,SEK,11.503
2024-11-26,EUR,CZK,25.294
2024-11-26,EUR,DKK,7.4585
2024-11-26,EUR,NOK,11.6815
2024-11-26,EUR,PLN,4.3105
2024-11-26,EUR,RON,4.9771
2024-11-26,EUR,SEK,11.523
2024-11-27,EUR,CZK,25.267
2024-11-27,EUR,DKK,7.4583
2024-11-27,EUR,NOK,11.69
2024-11-27,EUR,PLN,4.312
2024-11-27,EUR,RON,4.9768
2024-11-27,EUR,SEK,11.529
2024-11-28,EUR,CZK,25.271
2024-11-28,EUR,DKK,7.4577
2024-11-28,EUR,NOK,11.664
2024-11-28,EUR,PLN,4.31
2024-11-28,EUR,RON,4.9773
2024-11-28,EUR,SEK,11.5375
2024-11-29,EUR,CZK,25.256
2024-11-29,EUR,DKK,7.4579
2024-11-29,EUR,NOK,11.6805
2024-11-29,EUR,PLN,4.296
2024-11-29,EUR,RON,4.9774
2024-11-29,EUR,SEK,11.518
2024-12-02,EUR,CZK,25.266
2024-12-02,EUR,DKK,7.4583
2024-12-02,EUR,NOK,11.659
2024-12-02,EUR,PLN,4.2905
2024-12-02,EUR,RON,4.977
2024-12-02,EUR,SEK,11.527
2024-12-03,EUR,CZK,25.224
2024-12-03,EUR,DKK,7.4589
2024-12-03,EUR,NOK,11.629
2024-12-03,EUR,PLN,4.2973
2024-12-03,EUR,RON,4.9769
2024-12-03,EUR,SEK,11.5755
2024-12-04,EUR,CZK,25.196
2024-12-04,EUR,DKK,7.4577
2024-12-04,EUR,NOK,11.6205
2024-12-04,EUR,PLN,4.2868
2024-12-04,EUR,RON,4.977
2024-12-04,EUR,SEK,11.548
2024-12-05,EUR,CZK,25.146
2024-12-05,EUR,DKK,7.4579
2024-12-05,EUR,NOK,11.66
2024-12-05,EUR,PLN,4.2745
2024-12-05,EUR,RON,4.9774
2024-12-05,EUR,SEK,11.5095
2024-12-06,EUR,CZK,25.11
2024-12-06,EUR,DKK,7.4584
2024-12-06,EUR,NOK,11.7445
2024-12-06,EUR,PLN,4.267
2024-12-06,EUR,RON,4.9774
2024-12-06,EUR,SEK,11.523
2024-12-09,EUR,CZK,25.093
2024-12-09,EUR,DKK,7.4578
2024-12-09,EUR,NOK,11.7435
2024-12-09,EUR,PLN,4.2593
2024-12-09,EUR,RON,4.972
2024-12-09,EUR,SEK,11.536
2024-12-10,EUR,CZK,25.098
2024-12-10,EUR,DKK,7.4578
2024-12-10,EUR,NOK,11.7315
2024-12-10,EUR,PLN,4.2678
2024-12-10,EUR,RON,4.9713
2024-12-10,EUR,SEK,11.5335
2024-12-11,EUR,CZK,25.117
2024-12-11,EUR,DKK,7.4574
2024-12-11,EUR,NOK,11.712
2024-12-11,EUR,PLN,4.2643
2024-12-11,EUR,RON,4.9674
2024-12-11,EUR,SEK,11.5165
2024-12-12,EUR,CZK,25.065
2024-12-12,EUR,DKK,7.4583
2024-12-12,EUR,NOK,11.654
2024-12-12,EUR,PLN,4.2758
2024-12-12,EUR,RON,4.9704
2024-12-12,EUR,SEK,11.5
2024-12-13,EUR,CZK,25.019
2024-12-13,EUR,DKK,7.457
2024-12-13,EUR,NOK,11.6758
2024-12-13,EUR,PLN,4.2643
2024-12-13,EUR,RON,4.9732
2024-12-13,EUR,SEK,11.515
2024-12-16,EUR,CZK,25.036
2024-12-16,EUR,DKK,7.4588
2024-12-16,EUR,NOK,11.716
2024-12-16,EUR,PLN,4.264
2024-12-16,EUR,RON,4.9763
2024-12-16,EUR,SEK,11.4541
2024-12-17,EUR,CZK,25.064
2024-12-17,EUR,DKK,7.459
2024-12-17,EUR,NOK,11.7635
2024-12-17,EUR,PLN,4.2635
2024-12-17,EUR,RON,4.9753
2024-12-17,EUR,SEK,11.472
2024-12-18,EUR,CZK,25.127
2024-12-18,EUR,DKK,7.4606
2024-12-18,EUR,NOK,11.762
2024-12-18,EUR,PLN,4.2578
2024-12-18,EUR,RON,4.9752
2024-12-18,EUR,SEK,11.4895
2024-12-19,EUR,CZK,25.127
2024-12-19,EUR,DKK,7.4613
2024-12-19,EUR,NOK,11.8143
2024-12-19,EUR,PLN,4.25
2024-12-19,EUR,RON,4.976
2024-12-19,EUR,SEK,11.4625
2024-12-20,EUR,CZK,25.121
2024-12-20,EUR,DKK,7.4614
2024-12-20,EUR,NOK,11.8685
2024-12-20,EUR,PLN,4.2623
2024-12-20,EUR,RON,4.9762
2024-12-20,EUR,SEK,11.476
2024-12-23,EUR,CZK,25.165
2024-12-23,EUR,DKK,7.459
2024-12-23,EUR,NOK,11.807
2024-12-23,EUR,PLN,4.2753
2024-12-23,EUR,RON,4.9763
2024-12-23,EUR,SEK,11.484
2024-12-24,EUR,CZK,25.135
2024-12-24,EUR,DKK,7.4608
2024-12-24,EUR,NOK,11.849
2024-12-24,EUR,PLN,4.2715
2024-12-24,EUR,RON,4.9745
2024-12-24,EUR,SEK,11.5335
2024-12-27,EUR,CZK,25.201
2024-12-27,EUR,DKK,7.4602
2024-12-27,EUR,NOK,11.8435
2024-12-27,EUR,PLN,4.2753
2024-12-27,EUR,RON,4.9769
2024-12-27,EUR,SEK,11.4795
2024-12-30,EUR,CZK,25.226
2024-12-30,EUR,DKK,7.46
2024-12-30,EUR,NOK,11.8455
2024-12-30,EUR,PLN,4.2655
2024-12-30,EUR,RON,4.9765
2024-12-30,EUR,SEK,11.4865
2024-12-31,EUR,CZK,25.185
2024-12-31,EUR,DKK,7.4578
2024-12-31,EUR,NOK,11.795
2024-12-31,EUR,PLN,4.275
2024-12-31,EUR,RON,4.9743
2024-12-31,EUR,SEK,11.459
2025-01-02,EUR,CZK,25.177
2025-01-02,EUR,DKK,7.4583
2025-01-02,EUR,NOK,11.7173
2025-01-02,EUR,PLN,4.2753
2025-01-02,EUR,RON,4.9743
2025-01-02,EUR,SEK,11.4223
2025-01-03,EUR,CZK,25.166
2025-01-03,EUR,DKK,7.4599
2025-01-03,EUR,NOK,11.713
2025-01-03,EUR,PLN,4.2725
2025-01-03,EUR,RON,4.9752
2025-01-03,EUR,SEK,11.4395
2025-01-06,EUR,CZK,25.154
2025-01-06,EUR,DKK,7.4591
2025-01-06,EUR,NOK,11.7095
2025-01-06,EUR,PLN,4.2518
2025-01-06,EUR,RON,4.9747
2025-01-06,EUR,SEK,11.4645
2025-01-07,EUR,CZK,25.137
2025-01-07,EUR,DKK,7.4592
2025-01-07,EUR,NOK,11.7385
2025-01-07,EUR,PLN,4.2583
2025-01-07,EUR,RON,4.9744
2025-01-07,EUR,SEK,11.475
2025-01-08,EUR,CZK,25.15
2025-01-08,EUR,DKK,7.4608
2025-01-08,EUR,NOK,11.738
2025-01-08,EUR,PLN,4.2765
2025-01-08,EUR,RON,4.9739
2025-01-08,EUR,SEK,11.5125
2025-01-09,EUR,CZK,25.116
2025-01-09,EUR,DKK,7.4609
2025-01-09,EUR,NOK,11.7605
2025-01-09,EUR,PLN,4.2723
2025-01-09,EUR,RON,4.9734
2025-01-09,EUR,SEK,11.4945
2025-01-10,EUR,CZK,25.09
2025-01-10,EUR,DKK,7.4606
2025-01-10,EUR,NOK,11.757
2025-01-10,EUR,PLN,4.266
2025-01-10,EUR,RON,4.9735
2025-01-10,EUR,SEK,11.497
2025-01-13,EUR,CZK,25.23
2025-01-13,EUR,DKK,7.4605
2025-01-13,EUR,NOK,11.709
2025-01-13,EUR,PLN,4.2715
2025-01-13,EUR,RON,4.9731
2025-01-13,EUR,SEK,11.5055
2025-01-14,EUR,CZK,25.294
2025-01-14,EUR,DKK,7.4607
2025-01-14,EUR,NOK,11.7195
2025-01-14,EUR,PLN,4.2683
2025-01-14,EUR,RON,4.9749
2025-01-14,EUR,SEK,11.512
2025-01-15,EUR,CZK,25.218
2025-01-15,EUR,DKK,7.4611
2025-01-15,EUR,NOK,11.7035
2025-01-15,EUR,PLN,4.2613
2025-01-15,EUR,RON,4.9742
2025-01-15,EUR,SEK,11.5015
2025-01-16,EUR,CZK,25.231
2025-01-16,EUR,DKK,7.4609
2025-01-16,EUR,NOK,11.6965
2025-01-16,EUR,PLN,4.2688
2025-01-16,EUR,RON,4.9754
2025-01-16,EUR,SEK,11.485
2025-01-17,EUR,CZK,25.265
2025-01-17,EUR,DKK,7.4608
2025-01-17,EUR,NOK,11.759
2025-01-17,EUR,PLN,4.2585
2025-01-17,EUR,RON,4.9765
2025-01-17,EUR,SEK,11.506
2025-01-20,EUR,CZK,25.209
2025-01-20,EUR,DKK,7.4611
2025-01-20,EUR,NOK,11.7665
2025-01-20,EUR,PLN,4.2568
2025-01-20,EUR,RON,4.9769
2025-01-20,EUR,SEK,11.4945
2025-01-21,EUR,CZK,25.178
2025-01-21,EUR,DKK,7.4614
2025-01-21,EUR,NOK,11.817
2025-01-21,EUR,PLN,4.2538
2025-01-21,EUR,RON,4.9768
2025-01-21,EUR,SEK,11.475
2025-01-22,EUR,CZK,25.139
2025-01-22,EUR,DKK,7.4612
2025-01-22,EUR,NOK,11.7525
2025-01-22,EUR,PLN,4.23
2025-01-22,EUR,RON,4.9768
2025-01-22,EUR,SEK,11.467
2025-01-23,EUR,CZK,25.14
2025-01-23,EUR,DKK,7.4606
2025-01-23,EUR,NOK,11.7305
2025-01-23,EUR,PLN,4.211
2025-01-23,EUR,RON,4.9763
2025-01-23,EUR,SEK,11.4685
2025-01-24,EUR,CZK,25.097
2025-01-24,EUR,DKK,7.4614
2025-01-24,EUR,NOK,11.7495
2025-01-24,EUR,PLN,4.2138
2025-01-24,EUR,RON,4.9761
2025-01-24,EUR,SEK,11.459
2025-01-27,EUR,CZK,25.102
2025-01-27,EUR,DKK,7.4625
2025-01-27,EUR,NOK,11.8095
2025-01-27,EUR,PLN,4.2193
2025-01-27,EUR,RON,4.975
2025-01-27,EUR,SEK,11.496
2025-01-28,EUR,CZK,25.091
2025-01-28,EUR,DKK,7.4626
2025-01-28,EUR,NOK,11.7785
2025-01-28,EUR,PLN,4.2078
2025-01-28,EUR,RON,4.9749
2025-01-28,EUR,SEK,11.478
2025-01-29,EUR,CZK,25.122
2025-01-29,EUR,DKK,7.4627
2025-01-29,EUR,NOK,11.7785
2025-01-29,EUR,PLN,4.2135
2025-01-29,EUR,RON,4.9753
2025-01-29,EUR,SEK,11.4555
2025-01-30,EUR,CZK,25.121
2025-01-30,EUR,DKK,7.4616
2025-01-30,EUR,NOK,11.7615
2025-01-30,EUR,PLN,4.2063
2025-01-30,EUR,RON,4.9758
2025-01-30,EUR,SEK,11.47
2025-01-31,EUR,CZK,25.166
2025-01-31,EUR,DKK,7.4618
2025-01-31,EUR,NOK,11.7373
2025-01-31,EUR,PLN,4.213
2025-01-31,EUR,RON,4.9767
2025-01-31,EUR,SEK,11.474
2025-02-03,EUR,CZK,25.254
2025-02-03,EUR,DKK,7.4618
2025-02-03,EUR,NOK,11.7138
2025-02-03,EUR,PLN,4.2255
2025-02-03,EUR,RON,4.9769
2025-02-03,EUR,SEK,11.481
2025-02-04,EUR,CZK,25.172
2025-02-04,EUR,DKK,7.461
2025-02-04,EUR,NOK,11.721
2025-02-04,EUR,PLN,4.2193
2025-02-04,EUR,RON,4.9769
2025-02-04,EUR,SEK,11.418
2025-02-05,EUR,CZK,25.136
2025-02-05,EUR,DKK,7.4597
2025-02-05,EUR,NOK,11.6693
2025-02-05,EUR,PLN,4.1968
2025-02-05,EUR,RON,4.9766
2025-02-05,EUR,SEK,11.3583
2025-02-06,EUR,CZK,25.139
2025-02-06,EUR,DKK,7.4596
2025-02-06,EUR,NOK,11.6585
2025-02-06,EUR,PLN,4.2065
2025-02-06,EUR,RON,4.9767
2025-02-06,EUR,SEK,11.321
2025-02-07,EUR,CZK,25.108
2025-02-07,EUR,DKK,7.46
2025-02-07,EUR,NOK,11.625
2025-02-07,EUR,PLN,4.1985
2025-02-07,EUR,RON,4.9768
2025-02-07,EUR,SEK,11.2865
2025-02-10,EUR,CZK,25.073
2025-02-10,EUR,DKK,7.4584
2025-02-10,EUR,NOK,11.5745
2025-02-10,EUR,PLN,4.1758
2025-02-10,EUR,RON,4.9769
2025-02-10,EUR,SEK,11.2765
2025-02-11,EUR,CZK,25.101
2025-02-11,EUR,DKK,7.4582
2025-02-11,EUR,NOK,11.5755
2025-02-11,EUR,PLN,4.1785
2025-02-11,EUR,RON,4.9769
2025-02-11,EUR,SEK,11.2525
2025-02-12,EUR,CZK,25.075
2025-02-12,EUR,DKK,7.4583
2025-02-12,EUR,NOK,11.662
2025-02-12,EUR,PLN,4.1713
2025-02-12,EUR,RON,4.9767
2025-02-12,EUR,SEK,11.2895
2025-02-13,EUR,CZK,25.057
2025-02-13,EUR,DKK,7.4586
2025-02-13,EUR,NOK,11.7145
2025-02-13,EUR,PLN,4.1688
2025-02-13,EUR,RON,4.9771
2025-02-13,EUR,SEK,11.2815
2025-02-14,EUR,CZK,25.043
2025-02-14,EUR,DKK,7.459
2025-02-14,EUR,NOK,11.6515
2025-02-14,EUR,PLN,4.1653
2025-02-14,EUR,RON,4.977
2025-02-14,EUR,SEK,11.2445
2025-02-17,EUR,CZK,25.056
2025-02-17,EUR,DKK,7.4597
2025-02-17,EUR,NOK,11.6415
2025-02-17,EUR,PLN,4.1605
2025-02-17,EUR,RON,4.977
2025-02-17,EUR,SEK,11.216
2025-02-18,EUR,CZK,25.098
2025-02-18,EUR,DKK,7.4582
2025-02-18,EUR,NOK,11.659
2025-02-18,EUR,PLN,4.166
2025-02-18,EUR,RON,4.9773
2025-02-18,EUR,SEK,11.2115
2025-02-19,EUR,CZK,25.101
2025-02-19,EUR,DKK,7.4588
2025-02-19,EUR,NOK,11.629
2025-02-19,EUR,PLN,4.174
2025-02-19,EUR,RON,4.9774
2025-02-19,EUR,SEK,11.214
2025-02-20,EUR,CZK,25.073
2025-02-20,EUR,DKK,7.459
2025-02-20,EUR,NOK,11.609
2025-02-20,EUR,PLN,4.1605
2025-02-20,EUR,RON,4.9778
2025-02-20,EUR,SEK,11.166
2025-02-21,EUR,CZK,25.082
2025-02-21,EUR,DKK,7.4588
2025-02-21,EUR,NOK,11.629
2025-02-21,EUR,PLN,4.1683
2025-02-21,EUR,RON,4.9773
2025-02-21,EUR,SEK,11.1425
2025-02-24,EUR,CZK,25.062
2025-02-24,EUR,DKK,7.4603
2025-02-24,EUR,NOK,11.6355
2025-02-24,EUR,PLN,4.1445
2025-02-24,EUR,RON,4.9772
2025-02-24,EUR,SEK,11.153
2025-02-25,EUR,CZK,24.939
2025-02-25,EUR,DKK,7.4595
2025-02-25,EUR,NOK,11.6638
2025-02-25,EUR,PLN,4.1393
2025-02-25,EUR,RON,4.9774
2025-02-25,EUR,SEK,11.1455
2025-02-26,EUR,CZK,24.948
2025-02-26,EUR,DKK,7.4584
2025-02-26,EUR,NOK,11.6895
2025-02-26,EUR,PLN,4.144
2025-02-26,EUR,RON,4.9773
2025-02-26,EUR,SEK,11.143
2025-02-27,EUR,CZK,24.987
2025-02-27,EUR,DKK,7.4584
2025-02-27,EUR,NOK,11.7015
2025-02-27,EUR,PLN,4.1308
2025-02-27,EUR,RON,4.9763
2025-02-27,EUR,SEK,11.159
2025-02-28,EUR,CZK,25.029
2025-02-28,EUR,DKK,7.4583
2025-02-28,EUR,NOK,11.7245
2025-02-28,EUR,PLN,4.1503
2025-02-28,EUR,RON,4.9768
2025-02-28,EUR,SEK,11.188
2025-03-03,EUR,CZK,25.097
2025-03-03,EUR,DKK,7.4583
2025-03-03,EUR,NOK,11.695
2025-03-03,EUR,PLN,4.1708
2025-03-03,EUR,RON,4.9773
2025-03-03,EUR,SEK,11.15
2025-03-04,EUR,CZK,25.025
2025-03-04,EUR,DKK,7.4589
2025-03-04,EUR,NOK,11.808
2025-03-04,EUR,PLN,4.1593
2025-03-04,EUR,RON,4.9769
2025-03-04,EUR,SEK,11.0995
2025-03-05,EUR,CZK,25.048
2025-03-05,EUR,DKK,7.4589
2025-03-05,EUR,NOK,11.82
2025-03-05,EUR,PLN,4.15
2025-03-05,EUR,RON,4.9758
2025-03-05,EUR,SEK,11.0125
2025-03-06,EUR,CZK,25.047
2025-03-06,EUR,DKK,7.4593
2025-03-06,EUR,NOK,11.716
2025-03-06,EUR,PLN,4.177
2025-03-06,EUR,RON,4.9754
2025-03-06,EUR,SEK,10.962
2025-03-07,EUR,CZK,25.016
2025-03-07,EUR,DKK,7.4589
2025-03-07,EUR,NOK,11.759
2025-03-07,EUR,PLN,4.1788
2025-03-07,EUR,RON,4.9757
2025-03-07,EUR,SEK,10.9715
2025-03-10,EUR,CZK,24.957
2025-03-10,EUR,DKK,7.4584
2025-03-10,EUR,NOK,11.6705
2025-03-10,EUR,PLN,4.196
2025-03-10,EUR,RON,4.9765
2025-03-10,EUR,SEK,10.9695
2025-03-11,EUR,CZK,24.963
2025-03-11,EUR,DKK,7.4587
2025-03-11,EUR,NOK,11.634
2025-03-11,EUR,PLN,4.2003
2025-03-11,EUR,RON,4.9771
2025-03-11,EUR,SEK,10.9815
2025-03-12,EUR,CZK,25.013
2025-03-12,EUR,DKK,7.4591
2025-03-12,EUR,NOK,11.6085
2025-03-12,EUR,PLN,4.1955
2025-03-12,EUR,RON,4.9774
2025-03-12,EUR,SEK,10.9765
2025-03-13,EUR,CZK,25.093
2025-03-13,EUR,DKK,7.4605
2025-03-13,EUR,NOK,11.5975
2025-03-13,EUR,PLN,4.1965
2025-03-13,EUR,RON,4.9775
2025-03-13,EUR,SEK,11.07
2025-03-14,EUR,CZK,25.014
2025-03-14,EUR,DKK,7.4601
2025-03-14,EUR,NOK,11.62
2025-03-14,EUR,PLN,4.1723
2025-03-14,EUR,RON,4.9768
2025-03-14,EUR,SEK,11.0538
2025-03-17,EUR,CZK,25.035
2025-03-17,EUR,DKK,7.4607
2025-03-17,EUR,NOK,11.5283
2025-03-17,EUR,PLN,4.1863
2025-03-17,EUR,RON,4.9775
2025-03-17,EUR,SEK,11.0225
2025-03-18,EUR,CZK,25.038
2025-03-18,EUR,DKK,7.4598
2025-03-18,EUR,NOK,11.528
2025-03-18,EUR,PLN,4.175
2025-03-18,EUR,RON,4.9774
2025-03-18,EUR,SEK,10.997
2025-03-19,EUR,CZK,24.994
2025-03-19,EUR,DKK,7.4592
2025-03-19,EUR,NOK,11.505
2025-03-19,EUR,PLN,4.1885
2025-03-19,EUR,RON,4.9773
2025-03-19,EUR,SEK,11.0025
2025-03-20,EUR,CZK,25.013
2025-03-20,EUR,DKK,7.4594
2025-03-20,EUR,NOK,11.5025
2025-03-20,EUR,PLN,4.2003
2025-03-20,EUR,RON,4.9769
2025-03-20,EUR,SEK,11.0295
2025-03-21,EUR,CZK,24.981
2025-03-21,EUR,DKK,7.4596
2025-03-21,EUR,NOK,11.401
2025-03-21,EUR,PLN,4.2023
2025-03-21,EUR,RON,4.977
2025-03-21,EUR,SEK,10.933
2025-03-24,EUR,CZK,24.97
2025-03-24,EUR,DKK,7.4591
2025-03-24,EUR,NOK,11.3795
2025-03-24,EUR,PLN,4.176
2025-03-24,EUR,RON,4.9756
2025-03-24,EUR,SEK,10.957
2025-03-25,EUR,CZK,24.884
2025-03-25,EUR,DKK,7.4599
2025-03-25,EUR,NOK,11.309
2025-03-25,EUR,PLN,4.1635
2025-03-25,EUR,RON,4.9756
2025-03-25,EUR,SEK,10.7975
2025-03-26,EUR,CZK,24.934
2025-03-26,EUR,DKK,7.4605
2025-03-26,EUR,NOK,11.3585
2025-03-26,EUR,PLN,4.1755
2025-03-26,EUR,RON,4.9763
2025-03-26,EUR,SEK,10.8395
2025-03-27,EUR,CZK,24.982
2025-03-27,EUR,DKK,7.4605
2025-03-27,EUR,NOK,11.3435
2025-03-27,EUR,PLN,4.1968
2025-03-27,EUR,RON,4.9773
2025-03-27,EUR,SEK,10.8235
2025-03-28,EUR,CZK,24.96
2025-03-28,EUR,DKK,7.4616
2025-03-28,EUR,NOK,11.294
2025-03-28,EUR,PLN,4.1775
2025-03-28,EUR,RON,4.9774
2025-03-28,EUR,SEK,10.82
2025-03-31,EUR,CZK,24.962
2025-03-31,EUR,DKK,7.4613
2025-03-31,EUR,NOK,11.413
2025-03-31,EUR,PLN,4.184
2025-03-31,EUR,RON,4.9771
2025-03-31,EUR,SEK,10.849
2025-04-01,EUR,CZK,24.954
2025-04-01,EUR,DKK,7.4616
2025-04-01,EUR,NOK,11.318
2025-04-01,EUR,PLN,4.1863
2025-04-01,EUR,RON,4.9774
2025-04-01,EUR,SEK,10.816
2025-04-02,EUR,CZK,24.963
2025-04-02,EUR,DKK,7.4611
2025-04-02,EUR,NOK,11.2745
2025-04-02,EUR,PLN,4.1775
2025-04-02,EUR,RON,4.9775
2025-04-02,EUR,SEK,10.764
2025-04-03,EUR,CZK,24.972
2025-04-03,EUR,DKK,7.4613
2025-04-03,EUR,NOK,11.4235
2025-04-03,EUR,PLN,4.196
2025-04-03,EUR,RON,4.9774
2025-04-03,EUR,SEK,10.7205
2025-04-04,EUR,CZK,25.142
2025-04-04,EUR,DKK,7.4618
2025-04-04,EUR,NOK,11.6815
2025-04-04,EUR,PLN,4.2625
2025-04-04,EUR,RON,4.9773
2025-04-04,EUR,SEK,10.974
2025-04-07,EUR,CZK,25.195
2025-04-07,EUR,DKK,7.4638
2025-04-07,EUR,NOK,11.9545
2025-04-07,EUR,PLN,4.294
2025-04-07,EUR,RON,4.9774
2025-04-07,EUR,SEK,11.078
2025-04-08,EUR,CZK,25.139
2025-04-08,EUR,DKK,7.4648
2025-04-08,EUR,NOK,11.9505
2025-04-08,EUR,PLN,4.269
2025-04-08,EUR,RON,4.9772
2025-04-08,EUR,SEK,10.9775
2025-04-09,EUR,CZK,25.168
2025-04-09,EUR,DKK,7.469
2025-04-09,EUR,NOK,12.1195
2025-04-09,EUR,PLN,4.2953
2025-04-09,EUR,RON,4.9777
2025-04-09,EUR,SEK,11.0715
2025-04-10,EUR,CZK,25.11
2025-04-10,EUR,DKK,7.4653
2025-04-10,EUR,NOK,11.9815
2025-04-10,EUR,PLN,4.2543
2025-04-10,EUR,RON,4.9776
2025-04-10,EUR,SEK,11.019
2025-04-11,EUR,CZK,25.147
2025-04-11,EUR,DKK,7.4675
2025-04-11,EUR,NOK,12.1005
2025-04-11,EUR,PLN,4.2953
2025-04-11,EUR,RON,4.9777
2025-04-11,EUR,SEK,11.1198
2025-04-14,EUR,CZK,25.108
2025-04-14,EUR,DKK,7.4675
2025-04-14,EUR,NOK,12.0205
2025-04-14,EUR,PLN,4.286
2025-04-14,EUR,RON,4.9775
2025-04-14,EUR,SEK,11.0065
2025-04-15,EUR,CZK,25.064
2025-04-15,EUR,DKK,7.4641
2025-04-15,EUR,NOK,11.9726
2025-04-15,EUR,PLN,4.2844
2025-04-15,EUR,RON,4.9778
2025-04-15,EUR,SEK,11.0611
2025-04-16,EUR,CZK,24.995
2025-04-16,EUR,DKK,7.4672
2025-04-16,EUR,NOK,12.0725
2025-04-16,EUR,PLN,4.2933
2025-04-16,EUR,RON,4.9778
2025-04-16,EUR,SEK,11.155
2025-04-17,EUR,CZK,25.009
2025-04-17,EUR,DKK,7.4672
2025-04-17,EUR,NOK,11.9655
2025-04-17,EUR,PLN,4.2743
2025-04-17,EUR,RON,4.9776
2025-04-17,EUR,SEK,11.0278
2025-04-22,EUR,CZK,25.081
2025-04-22,EUR,DKK,7.4656
2025-04-22,EUR,NOK,11.8885
2025-04-22,EUR,PLN,4.28
2025-04-22,EUR,RON,4.9773
2025-04-22,EUR,SEK,10.9153
2025-04-23,EUR,CZK,25.015
2025-04-23,EUR,DKK,7.4658
2025-04-23,EUR,NOK,11.891
2025-04-23,EUR,PLN,4.2915
2025-04-23,EUR,RON,4.9772
2025-04-23,EUR,SEK,10.9395
2025-04-24,EUR,CZK,24.977
2025-04-24,EUR,DKK,7.4655
2025-04-24,EUR,NOK,11.8285
2025-04-24,EUR,PLN,4.2748
2025-04-24,EUR,RON,4.9769
2025-04-24,EUR,SEK,10.911
2025-04-25,EUR,CZK,24.929
2025-04-25,EUR,DKK,7.4656
2025-04-25,EUR,NOK,11.8415
2025-04-25,EUR,PLN,4.2683
2025-04-25,EUR,RON,4.9776
2025-04-25,EUR,SEK,11.0015
2025-04-28,EUR,CZK,24.969
2025-04-28,EUR,DKK,7.4644
2025-04-28,EUR,NOK,11.8615
2025-04-28,EUR,PLN,4.2755
2025-04-28,EUR,RON,4.9779
2025-04-28,EUR,SEK,10.997
2025-04-29,EUR,CZK,24.922
2025-04-29,EUR,DKK,7.4636
2025-04-29,EUR,NOK,11.8045
2025-04-29,EUR,PLN,4.2708
2025-04-29,EUR,RON,4.9777
2025-04-29,EUR,SEK,10.962
2025-04-30,EUR,CZK,24.92
2025-04-30,EUR,DKK,7.4636
2025-04-30,EUR,NOK,11.809
2025-04-30,EUR,PLN,4.2753
2025-04-30,EUR,RON,4.9782
2025-04-30,EUR,SEK,10.9715
2025-05-02,EUR,CZK,24.922
2025-05-02,EUR,DKK,7.4619
2025-05-02,EUR,NOK,11.7585
2025-05-02,EUR,PLN,4.275
2025-05-02,EUR,RON,4.9782
2025-05-02,EUR,SEK,10.9375
2025-05-05,EUR,CZK,24.905
2025-05-05,EUR,DKK,7.4622
2025-05-05,EUR,NOK,11.7885
2025-05-05,EUR,PLN,4.2733
2025-05-05,EUR,RON,4.9785
2025-05-05,EUR,SEK,10.9355
2025-05-06,EUR,CZK,24.96
2025-05-06,EUR,DKK,7.4613
2025-05-06,EUR,NOK,11.7015
2025-05-06,EUR,PLN,4.2748
2025-05-06,EUR,RON,5.088
2025-05-06,EUR,SEK,10.88
2025-05-07,EUR,CZK,24.924
2025-05-07,EUR,DKK,7.4615
2025-05-07,EUR,NOK,11.6715
2025-05-07,EUR,PLN,4.2753
2025-05-07,EUR,RON,5.109
2025-05-07,EUR,SEK,10.903
2025-05-08,EUR,CZK,24.924
2025-05-08,EUR,DKK,7.4603
2025-05-08,EUR,NOK,11.688
2025-05-08,EUR,PLN,4.27
2025-05-08,EUR,RON,5.1188
2025-05-08,EUR,SEK,10.903
2025-05-09,EUR,CZK,24.946
2025-05-09,EUR,DKK,7.4604
2025-05-09,EUR,NOK,11.6725
2025-05-09,EUR,PLN,4.2393
2025-05-09,EUR,RON,5.1181
2025-05-09,EUR,SEK,10.92
2025-05-12,EUR,CZK,24.98
2025-05-12,EUR,DKK,7.4593
2025-05-12,EUR,NOK,11.596
2025-05-12,EUR,PLN,4.2403
2025-05-12,EUR,RON,5.1021
2025-05-12,EUR,SEK,10.8845
2025-05-13,EUR,CZK,24.948
2025-05-13,EUR,DKK,7.4595
2025-05-13,EUR,NOK,11.5733
2025-05-13,EUR,PLN,4.2518
2025-05-13,EUR,RON,5.103
2025-05-13,EUR,SEK,10.8255
2025-05-14,EUR,CZK,24.928
2025-05-14,EUR,DKK,7.4592
2025-05-14,EUR,NOK,11.5715
2025-05-14,EUR,PLN,4.2425
2025-05-14,EUR,RON,5.1043
2025-05-14,EUR,SEK,10.854
2025-05-15,EUR,CZK,24.922
2025-05-15,EUR,DKK,7.4601
2025-05-15,EUR,NOK,11.65
2025-05-15,EUR,PLN,4.2423
2025-05-15,EUR,RON,5.1051
2025-05-15,EUR,SEK,10.8875
2025-05-16,EUR,CZK,24.936
2025-05-16,EUR,DKK,7.4602
2025-05-16,EUR,NOK,11.635
2025-05-16,EUR,PLN,4.26
2025-05-16,EUR,RON,5.1041
2025-05-16,EUR,SEK,10.9327
2025-05-19,EUR,CZK,24.907
2025-05-19,EUR,DKK,7.4608
2025-05-19,EUR,NOK,11.5955
2025-05-19,EUR,PLN,4.2688
2025-05-19,EUR,RON,5.0413
2025-05-19,EUR,SEK,10.9015
2025-05-20,EUR,CZK,24.92
2025-05-20,EUR,DKK,7.4595
2025-05-20,EUR,NOK,11.5955
2025-05-20,EUR,PLN,4.2488
2025-05-20,EUR,RON,5.0733
2025-05-20,EUR,SEK,10.8835
2025-05-21,EUR,CZK,24.867
2025-05-21,EUR,DKK,7.4592
2025-05-21,EUR,NOK,11.484
2025-05-21,EUR,PLN,4.242
2025-05-21,EUR,RON,5.0709
2025-05-21,EUR,SEK,10.8445
2025-05-22,EUR,CZK,24.942
2025-05-22,EUR,DKK,7.4602
2025-05-22,EUR,NOK,11.5155
2025-05-22,EUR,PLN,4.246
2025-05-22,EUR,RON,5.0581
2025-05-22,EUR,SEK,10.8485
2025-05-23,EUR,CZK,24.915
2025-05-23,EUR,DKK,7.4594
2025-05-23,EUR,NOK,11.522
2025-05-23,EUR,PLN,4.2603
2025-05-23,EUR,RON,5.0517
2025-05-23,EUR,SEK,10.8348
2025-05-26,EUR,CZK,24.864
2025-05-26,EUR,DKK,7.4591
2025-05-26,EUR,NOK,11.484
2025-05-26,EUR,PLN,4.2445
2025-05-26,EUR,RON,5.0624
2025-05-26,EUR,SEK,10.8335
2025-05-27,EUR,CZK,24.907
2025-05-27,EUR,DKK,7.4591
2025-05-27,EUR,NOK,11.506
2025-05-27,EUR,PLN,4.2475
2025-05-27,EUR,RON,5.0608
2025-05-27,EUR,SEK,10.8785
2025-05-28,EUR,CZK,24.922
2025-05-28,EUR,DKK,7.4588
2025-05-28,EUR,NOK,11.4945
2025-05-28,EUR,PLN,4.2415
2025-05-28,EUR,RON,5.0511
2025-05-28,EUR,SEK,10.8735
2025-05-29,EUR,CZK,24.923
2025-05-29,EUR,DKK,7.4593
2025-05-29,EUR,NOK,11.488
2025-05-29,EUR,PLN,4.236
2025-05-29,EUR,RON,5.0599
2025-05-29,EUR,SEK,10.8695
2025-05-30,EUR,CZK,24.918
2025-05-30,EUR,DKK,7.4587
2025-05-30,EUR,NOK,11.5408
2025-05-30,EUR,PLN,4.2498
2025-05-30,EUR,RON,5.0612
2025-05-30,EUR,SEK,10.8735
2025-06-02,EUR,CZK,24.899
2025-06-02,EUR,DKK,7.4606
2025-06-02,EUR,NOK,11.51
2025-06-02,EUR,PLN,4.2578
2025-06-02,EUR,RON,5.0547
2025-06-02,EUR,SEK,10.8535
2025-06-03,EUR,CZK,24.896
2025-06-03,EUR,DKK,7.4608
2025-06-03,EUR,NOK,11.533
2025-06-03,EUR,PLN,4.2798
2025-06-03,EUR,RON,5.0588
2025-06-03,EUR,SEK,10.9245
2025-06-04,EUR,CZK,24.808
2025-06-04,EUR,DKK,7.4599
2025-06-04,EUR,NOK,11.5185
2025-06-04,EUR,PLN,4.283
2025-06-04,EUR,RON,5.053
2025-06-04,EUR,SEK,10.9475
2025-06-05,EUR,CZK,24.812
2025-06-05,EUR,DKK,7.4595
2025-06-05,EUR,NOK,11.5265
2025-06-05,EUR,PLN,4.284
2025-06-05,EUR,RON,5.0505
2025-06-05,EUR,SEK,10.943
2025-06-06,EUR,CZK,24.757
2025-06-06,EUR,DKK,7.4595
2025-06-06,EUR,NOK,11.524
2025-06-06,EUR,PLN,4.287
2025-06-06,EUR,RON,5.0452
2025-06-06,EUR,SEK,10.959
2025-06-09,EUR,CZK,24.793
2025-06-09,EUR,DKK,7.4603
2025-06-09,EUR,NOK,11.509
2025-06-09,EUR,PLN,4.27
2025-06-09,EUR,RON,5.0405
2025-06-09,EUR,SEK,10.97
2025-06-10,EUR,CZK,24.771
2025-06-10,EUR,DKK,7.4596
2025-06-10,EUR,NOK,11.5073
2025-06-10,EUR,PLN,4.2533
2025-06-10,EUR,RON,5.0353
2025-06-10,EUR,SEK,10.946
2025-06-11,EUR,CZK,24.784
2025-06-11,EUR,DKK,7.4591
2025-06-11,EUR,NOK,11.566
2025-06-11,EUR,PLN,4.2605
2025-06-11,EUR,RON,5.0273
2025-06-11,EUR,SEK,10.9845
2025-06-12,EUR,CZK,24.787
2025-06-12,EUR,DKK,7.4595
2025-06-12,EUR,NOK,11.574
2025-06-12,EUR,PLN,4.269
2025-06-12,EUR,RON,5.028
2025-06-12,EUR,SEK,10.9355
2025-06-13,EUR,CZK,24.831
2025-06-13,EUR,DKK,7.4586
2025-06-13,EUR,NOK,11.4435
2025-06-13,EUR,PLN,4.2745
2025-06-13,EUR,RON,5.033
2025-06-13,EUR,SEK,10.9635
2025-06-16,EUR,CZK,24.782
2025-06-16,EUR,DKK,7.4581
2025-06-16,EUR,NOK,11.467
2025-06-16,EUR,PLN,4.2643
2025-06-16,EUR,RON,5.025
2025-06-16,EUR,SEK,10.9615
2025-06-17,EUR,CZK,24.8
2025-06-17,EUR,DKK,7.4585
2025-06-17,EUR,NOK,11.4175
2025-06-17,EUR,PLN,4.2778
2025-06-17,EUR,RON,5.028
2025-06-17,EUR,SEK,10.948
2025-06-18,EUR,CZK,24.805
2025-06-18,EUR,DKK,7.4585
2025-06-18,EUR,NOK,11.4435
2025-06-18,EUR,PLN,4.2733
2025-06-18,EUR,RON,5.0302
2025-06-18,EUR,SEK,11.027
2025-06-19,EUR,CZK,24.82
2025-06-19,EUR,DKK,7.4593
2025-06-19,EUR,NOK,11.5315
2025-06-19,EUR,PLN,4.2773
2025-06-19,EUR,RON,5.0304
2025-06-19,EUR,SEK,11.067
2025-06-20,EUR,CZK,24.83
2025-06-20,EUR,DKK,7.4597
2025-06-20,EUR,NOK,11.598
2025-06-20,EUR,PLN,4.2656
2025-06-20,EUR,RON,5.0303
2025-06-20,EUR,SEK,11.125
2025-06-23,EUR,CZK,24.862
2025-06-23,EUR,DKK,7.4595
2025-06-23,EUR,NOK,11.6635
2025-06-23,EUR,PLN,4.2755
2025-06-23,EUR,RON,5.0451
2025-06-23,EUR,SEK,11.1635
2025-06-24,EUR,CZK,24.794
2025-06-24,EUR,DKK,7.4597
2025-06-24,EUR,NOK,11.713
2025-06-24,EUR,PLN,4.2538
2025-06-24,EUR,RON,5.0487
2025-06-24,EUR,SEK,11.063
2025-06-25,EUR,CZK,24.78
2025-06-25,EUR,DKK,7.4604
2025-06-25,EUR,NOK,11.782
2025-06-25,EUR,PLN,4.2478
2025-06-25,EUR,RON,5.0582
2025-06-25,EUR,SEK,11.06
2025-06-26,EUR,CZK,24.785
2025-06-26,EUR,DKK,7.4604
2025-06-26,EUR,NOK,11.8125
2025-06-26,EUR,PLN,4.2468
2025-06-26,EUR,RON,5.0718
2025-06-26,EUR,SEK,11.091
2025-06-27,EUR,CZK,24.748
2025-06-27,EUR,DKK,7.4613
2025-06-27,EUR,NOK,11.792
2025-06-27,EUR,PLN,4.2378
2025-06-27,EUR,RON,5.0816
2025-06-27,EUR,SEK,11.1183
2025-06-30,EUR,CZK,24.746
2025-06-30,EUR,DKK,7.4609
2025-06-30,EUR,NOK,11.8345
2025-06-30,EUR,PLN,4.2423
2025-06-30,EUR,RON,5.0785
2025-06-30,EUR,SEK,11.1465
2025-07-01,EUR,CZK,24.68
2025-07-01,EUR,DKK,7.4607
2025-07-01,EUR,NOK,11.8445
2025-07-01,EUR,PLN,4.2443
2025-07-01,EUR,RON,5.0738
2025-07-01,EUR,SEK,11.159
2025-07-02,EUR,CZK,24.663
2025-07-02,EUR,DKK,7.4611
2025-07-02,EUR,NOK,11.878
2025-07-02,EUR,PLN,4.2493
2025-07-02,EUR,RON,5.0641
2025-07-02,EUR,SEK,11.2005
2025-07-03,EUR,CZK,24.646
2025-07-03,EUR,DKK,7.4615
2025-07-03,EUR,NOK,11.875
2025-07-03,EUR,PLN,4.2485
2025-07-03,EUR,RON,5.0604
2025-07-03,EUR,SEK,11.2515
2025-07-04,EUR,CZK,24.655
2025-07-04,EUR,DKK,7.4617
2025-07-04,EUR,NOK,11.847
2025-07-04,EUR,PLN,4.2458
2025-07-04,EUR,RON,5.0579
2025-07-04,EUR,SEK,11.2505
2025-07-07,EUR,CZK,24.625
2025-07-07,EUR,DKK,7.4604
2025-07-07,EUR,NOK,11.8755
2025-07-07,EUR,PLN,4.2493
2025-07-07,EUR,RON,5.0655
2025-07-07,EUR,SEK,11.1645
2025-07-08,EUR,CZK,24.648
2025-07-08,EUR,DKK,7.4609
2025-07-08,EUR,NOK,11.8295
2025-07-08,EUR,PLN,4.2438
2025-07-08,EUR,RON,5.0688
2025-07-08,EUR,SEK,11.1695
2025-07-09,EUR,CZK,24.629
2025-07-09,EUR,DKK,7.4612
2025-07-09,EUR,NOK,11.83
2025-07-09,EUR,PLN,4.2395
2025-07-09,EUR,RON,5.0772
2025-07-09,EUR,SEK,11.1645
2025-07-10,EUR,CZK,24.639
2025-07-10,EUR,DKK,7.4611
2025-07-10,EUR,NOK,11.803
2025-07-10,EUR,PLN,4.2475
2025-07-10,EUR,RON,5.0775
2025-07-10,EUR,SEK,11.152
2025-07-11,EUR,CZK,24.667
2025-07-11,EUR,DKK,7.4615
2025-07-11,EUR,NOK,11.8305
2025-07-11,EUR,PLN,4.2575
2025-07-11,EUR,RON,5.0786
2025-07-11,EUR,SEK,11.148
2025-07-14,EUR,CZK,24.648
2025-07-14,EUR,DKK,7.4629
2025-07-14,EUR,NOK,11.803
2025-07-14,EUR,PLN,4.2585
2025-07-14,EUR,RON,5.0793
2025-07-14,EUR,SEK,11.205
2025-07-15,EUR,CZK,24.67
2025-07-15,EUR,DKK,7.4636
2025-07-15,EUR,NOK,11.8715
2025-07-15,EUR,PLN,4.255
2025-07-15,EUR,RON,5.0789
2025-07-15,EUR,SEK,11.27
2025-07-16,EUR,CZK,24.647
2025-07-16,EUR,DKK,7.4633
2025-07-16,EUR,NOK,11.946
2025-07-16,EUR,PLN,4.2593
2025-07-16,EUR,RON,5.073
2025-07-16,EUR,SEK,11.3195
2025-07-17,EUR,CZK,24.639
2025-07-17,EUR,DKK,7.4628
2025-07-17,EUR,NOK,11.9675
2025-07-17,EUR,PLN,4.2544
2025-07-17,EUR,RON,5.0734
2025-07-17,EUR,SEK,11.311
2025-07-18,EUR,CZK,24.623
2025-07-18,EUR,DKK,7.4636
2025-07-18,EUR,NOK,11.8335
2025-07-18,EUR,PLN,4.2493
2025-07-18,EUR,RON,5.0728
2025-07-18,EUR,SEK,11.2505
2025-07-21,EUR,CZK,24.618
2025-07-21,EUR,DKK,7.4647
2025-07-21,EUR,NOK,11.866
2025-07-21,EUR,PLN,4.2425
2025-07-21,EUR,RON,5.0697
2025-07-21,EUR,SEK,11.212
2025-07-22,EUR,CZK,24.619
2025-07-22,EUR,DKK,7.465
2025-07-22,EUR,NOK,11.8845
2025-07-22,EUR,PLN,4.2565
2025-07-22,EUR,RON,5.0699
2025-07-22,EUR,SEK,11.211
2025-07-23,EUR,CZK,24.616
2025-07-23,EUR,DKK,7.4643
2025-07-23,EUR,NOK,11.8415
2025-07-23,EUR,PLN,4.2545
2025-07-23,EUR,RON,5.069
2025-07-23,EUR,SEK,11.164
2025-07-24,EUR,CZK,24.553
2025-07-24,EUR,DKK,7.4643
2025-07-24,EUR,NOK,11.8765
2025-07-24,EUR,PLN,4.2553
2025-07-24,EUR,RON,5.071
2025-07-24,EUR,SEK,11.185
2025-07-25,EUR,CZK,24.539
2025-07-25,EUR,DKK,7.4644
2025-07-25,EUR,NOK,11.8995
2025-07-25,EUR,PLN,4.2543
2025-07-25,EUR,RON,5.0707
2025-07-25,EUR,SEK,11.1665
2025-07-28,EUR,CZK,24.6
2025-07-28,EUR,DKK,7.4631
2025-07-28,EUR,NOK,11.8625
2025-07-28,EUR,PLN,4.2595
2025-07-28,EUR,RON,5.0701
2025-07-28,EUR,SEK,11.1545
2025-07-29,EUR,CZK,24.609
2025-07-29,EUR,DKK,7.4614
2025-07-29,EUR,NOK,11.8165
2025-07-29,EUR,PLN,4.2805
2025-07-29,EUR,RON,5.0768
2025-07-29,EUR,SEK,11.156
2025-07-30,EUR,CZK,24.562
2025-07-30,EUR,DKK,7.4618
2025-07-30,EUR,NOK,11.7795
2025-07-30,EUR,PLN,4.2675
2025-07-30,EUR,RON,5.0731
2025-07-30,EUR,SEK,11.1435
2025-07-31,EUR,CZK,24.571
2025-07-31,EUR,DKK,7.4626
2025-07-31,EUR,NOK,11.774
2025-07-31,EUR,PLN,4.2728
2025-07-31,EUR,RON,5.0757
2025-07-31,EUR,SEK,11.1575
2025-08-01,EUR,CZK,24.588
2025-08-01,EUR,DKK,7.4629
2025-08-01,EUR,NOK,11.8128
2025-08-01,EUR,PLN,4.2755
2025-08-01,EUR,RON,5.075
2025-08-01,EUR,SEK,11.1965
2025-08-04,EUR,CZK,24.582
2025-08-04,EUR,DKK,7.4628
2025-08-04,EUR,NOK,11.8745
2025-08-04,EUR,PLN,4.2758
2025-08-04,EUR,RON,5.0737
2025-08-04,EUR,SEK,11.1825
2025-08-05,EUR,CZK,24.61
2025-08-05,EUR,DKK,7.4632
2025-08-05,EUR,NOK,11.857
2025-08-05,EUR,PLN,4.2765
2025-08-05,EUR,RON,5.0748
2025-08-05,EUR,SEK,11.173
2025-08-06,EUR,CZK,24.566
2025-08-06,EUR,DKK,7.4623
2025-08-06,EUR,NOK,11.8515
2025-08-06,EUR,PLN,4.278
2025-08-06,EUR,RON,5.0758
2025-08-06,EUR,SEK,11.1955
2025-08-07,EUR,CZK,24.523
2025-08-07,EUR,DKK,7.4643
2025-08-07,EUR,NOK,11.8903
2025-08-07,EUR,PLN,4.2593
2025-08-07,EUR,RON,5.0732
2025-08-07,EUR,SEK,11.1945
2025-08-08,EUR,CZK,24.446
2025-08-08,EUR,DKK,7.4633
2025-08-08,EUR,NOK,11.954
2025-08-08,EUR,PLN,4.251
2025-08-08,EUR,RON,5.0724
2025-08-08,EUR,SEK,11.178
2025-08-11,EUR,CZK,24.483
2025-08-11,EUR,DKK,7.4631
2025-08-11,EUR,NOK,11.905
2025-08-11,EUR,PLN,4.2535
2025-08-11,EUR,RON,5.064
2025-08-11,EUR,SEK,11.182
2025-08-12,EUR,CZK,24.469
2025-08-12,EUR,DKK,7.4633
2025-08-12,EUR,NOK,11.8938
2025-08-12,EUR,PLN,4.2603
2025-08-12,EUR,RON,5.0649
2025-08-12,EUR,SEK,11.192
2025-08-13,EUR,CZK,24.471
2025-08-13,EUR,DKK,7.4626
2025-08-13,EUR,NOK,11.944
2025-08-13,EUR,PLN,4.26
2025-08-13,EUR,RON,5.0631
2025-08-13,EUR,SEK,11.1575
2025-08-14,EUR,CZK,24.47
2025-08-14,EUR,DKK,7.4633
2025-08-14,EUR,NOK,11.9215
2025-08-14,EUR,PLN,4.2605
2025-08-14,EUR,RON,5.0636
2025-08-14,EUR,SEK,11.182
2025-08-15,EUR,CZK,24.482
2025-08-15,EUR,DKK,7.4636
2025-08-15,EUR,NOK,11.896
2025-08-15,EUR,PLN,4.2588
2025-08-15,EUR,RON,5.0627
2025-08-15,EUR,SEK,11.1775
2025-08-18,EUR,CZK,24.471
2025-08-18,EUR,DKK,7.4639
2025-08-18,EUR,NOK,11.884
2025-08-18,EUR,PLN,4.25
2025-08-18,EUR,RON,5.0599
2025-08-18,EUR,SEK,11.157
2025-08-19,EUR,CZK,24.457
2025-08-19,EUR,DKK,7.4646
2025-08-19,EUR,NOK,11.928
2025-08-19,EUR,PLN,4.2448
2025-08-19,EUR,RON,5.0579
2025-08-19,EUR,SEK,11.158
2025-08-20,EUR,CZK,24.491
2025-08-20,EUR,DKK,7.4649
2025-08-20,EUR,NOK,11.9505
2025-08-20,EUR,PLN,4.2483
2025-08-20,EUR,RON,5.0585
2025-08-20,EUR,SEK,11.177
2025-08-21,EUR,CZK,24.53
2025-08-21,EUR,DKK,7.4641
2025-08-21,EUR,NOK,11.8505
2025-08-21,EUR,PLN,4.2518
2025-08-21,EUR,RON,5.0554
2025-08-21,EUR,SEK,11.164
2025-08-22,EUR,CZK,24.565
2025-08-22,EUR,DKK,7.4646
2025-08-22,EUR,NOK,11.8325
2025-08-22,EUR,PLN,4.2628
2025-08-22,EUR,RON,5.0533
2025-08-22,EUR,SEK,11.1775
2025-08-25,EUR,CZK,24.544
2025-08-25,EUR,DKK,7.464
2025-08-25,EUR,NOK,11.8085
2025-08-25,EUR,PLN,4.2616
2025-08-25,EUR,RON,5.0539
2025-08-25,EUR,SEK,11.1345
2025-08-26,EUR,CZK,24.544
2025-08-26,EUR,DKK,7.4643
2025-08-26,EUR,NOK,11.836
2025-08-26,EUR,PLN,4.2608
2025-08-26,EUR,RON,5.0578
2025-08-26,EUR,SEK,11.1565
2025-08-27,EUR,CZK,24.542
2025-08-27,EUR,DKK,7.4647
2025-08-27,EUR,NOK,11.786
2025-08-27,EUR,PLN,4.2698
2025-08-27,EUR,RON,5.0666
2025-08-27,EUR,SEK,11.116
2025-08-28,EUR,CZK,24.557
2025-08-28,EUR,DKK,7.4648
2025-08-28,EUR,NOK,11.748
2025-08-28,EUR,PLN,4.2618
2025-08-28,EUR,RON,5.0683
2025-08-28,EUR,SEK,11.0735
2025-08-29,EUR,CZK,24.458
2025-08-29,EUR,DKK,7.4642
2025-08-29,EUR,NOK,11.7465
2025-08-29,EUR,PLN,4.2665
2025-08-29,EUR,RON,5.0728
2025-08-29,EUR,SEK,11.055
2025-09-01,EUR,CZK,24.433
2025-09-01,EUR,DKK,7.4639
2025-09-01,EUR,NOK,11.7315
2025-09-01,EUR,PLN,4.2553
2025-09-01,EUR,RON,5.0737
2025-09-01,EUR,SEK,11.012
2025-09-02,EUR,CZK,24.485
2025-09-02,EUR,DKK,7.4632
2025-09-02,EUR,NOK,11.674
2025-09-02,EUR,PLN,4.2653
2025-09-02,EUR,RON,5.0822
2025-09-02,EUR,SEK,11.003
2025-09-03,EUR,CZK,24.446
2025-09-03,EUR,DKK,7.4633
2025-09-03,EUR,NOK,11.7
2025-09-03,EUR,PLN,4.2523
2025-09-03,EUR,RON,5.0774
2025-09-03,EUR,SEK,11.0015
2025-09-04,EUR,CZK,24.452
2025-09-04,EUR,DKK,7.4644
2025-09-04,EUR,NOK,11.753
2025-09-04,EUR,PLN,4.251
2025-09-04,EUR,RON,5.0768
2025-09-04,EUR,SEK,11.0185
2025-09-05,EUR,CZK,24.421
2025-09-05,EUR,DKK,7.4648
2025-09-05,EUR,NOK,11.7505
2025-09-05,EUR,PLN,4.2505
2025-09-05,EUR,RON,5.0786
2025-09-05,EUR,SEK,11.001
2025-09-08,EUR,CZK,24.366
2025-09-08,EUR,DKK,7.466
2025-09-08,EUR,NOK,11.7125
2025-09-08,EUR,PLN,4.2495
2025-09-08,EUR,RON,5.0721
2025-09-08,EUR,SEK,11.0005
2025-09-09,EUR,CZK,24.326
2025-09-09,EUR,DKK,7.4663
2025-09-09,EUR,NOK,11.7105
2025-09-09,EUR,PLN,4.2558
2025-09-09,EUR,RON,5.0738
2025-09-09,EUR,SEK,11.0018
2025-09-10,EUR,CZK,24.388
2025-09-10,EUR,DKK,7.4651
2025-09-10,EUR,NOK,11.6195
2025-09-10,EUR,PLN,4.2645
2025-09-10,EUR,RON,5.0746
2025-09-10,EUR,SEK,10.951
2025-09-11,EUR,CZK,24.385
2025-09-11,EUR,DKK,7.464
2025-09-11,EUR,NOK,11.612
2025-09-11,EUR,PLN,4.2653
2025-09-11,EUR,RON,5.0709
2025-09-11,EUR,SEK,10.9515
2025-09-12,EUR,CZK,24.318
2025-09-12,EUR,DKK,7.4644
2025-09-12,EUR,NOK,11.5845
2025-09-12,EUR,PLN,4.2575
2025-09-12,EUR,RON,5.0695
2025-09-12,EUR,SEK,10.9485
2025-09-15,EUR,CZK,24.327
2025-09-15,EUR,DKK,7.4646
2025-09-15,EUR,NOK,11.5565
2025-09-15,EUR,PLN,4.2505
2025-09-15,EUR,RON,5.062
2025-09-15,EUR,SEK,10.9115
2025-09-16,EUR,CZK,24.326
2025-09-16,EUR,DKK,7.465
2025-09-16,EUR,NOK,11.59
2025-09-16,EUR,PLN,4.2513
2025-09-16,EUR,RON,5.0629
2025-09-16,EUR,SEK,10.9305
2025-09-17,EUR,CZK,24.324
2025-09-17,EUR,DKK,7.4643
2025-09-17,EUR,NOK,11.626
2025-09-17,EUR,PLN,4.2525
2025-09-17,EUR,RON,5.0668
2025-09-17,EUR,SEK,10.9635
2025-09-18,EUR,CZK,24.301
2025-09-18,EUR,DKK,7.4647
2025-09-18,EUR,NOK,11.587
2025-09-18,EUR,PLN,4.256
2025-09-18,EUR,RON,5.069
2025-09-18,EUR,SEK,10.998
2025-09-19,EUR,CZK,24.292
2025-09-19,EUR,DKK,7.4635
2025-09-19,EUR,NOK,11.6705
2025-09-19,EUR,PLN,4.263
2025-09-19,EUR,RON,5.075
2025-09-19,EUR,SEK,11.0705
2025-09-22,EUR,CZK,24.255
2025-09-22,EUR,DKK,7.4635
2025-09-22,EUR,NOK,11.7025
2025-09-22,EUR,PLN,4.259
2025-09-22,EUR,RON,5.0749
2025-09-22,EUR,SEK,11.0495
2025-09-23,EUR,CZK,24.242
2025-09-23,EUR,DKK,7.4643
2025-09-23,EUR,NOK,11.672
2025-09-23,EUR,PLN,4.2553
2025-09-23,EUR,RON,5.0772
2025-09-23,EUR,SEK,10.9887
2025-09-24,EUR,CZK,24.29
2025-09-24,EUR,DKK,7.4639
2025-09-24,EUR,NOK,11.688
2025-09-24,EUR,PLN,4.2673
2025-09-24,EUR,RON,5.0759
2025-09-24,EUR,SEK,11.035
2025-09-25,EUR,CZK,24.289
2025-09-25,EUR,DKK,7.464
2025-09-25,EUR,NOK,11.689
2025-09-25,EUR,PLN,4.2638
2025-09-25,EUR,RON,5.0767
2025-09-25,EUR,SEK,11.0485
2025-09-26,EUR,CZK,24.326
2025-09-26,EUR,DKK,7.4638
2025-09-26,EUR,NOK,11.7105
2025-09-26,EUR,PLN,4.2705
2025-09-26,EUR,RON,5.0782
2025-09-26,EUR,SEK,11.037
2025-09-29,EUR,CZK,24.302
2025-09-29,EUR,DKK,7.4646
2025-09-29,EUR,NOK,11.6775
2025-09-29,EUR,PLN,4.2695
2025-09-29,EUR,RON,5.0783
2025-09-29,EUR,SEK,11.03
2025-09-30,EUR,CZK,24.335
2025-09-30,EUR,DKK,7.4649
2025-09-30,EUR,NOK,11.7265
2025-09-30,EUR,PLN,4.2698
2025-09-30,EUR,RON,5.0806
2025-09-30,EUR,SEK,11.0565
2025-10-01,EUR,CZK,24.275
2025-10-01,EUR,DKK,7.4659
2025-10-01,EUR,NOK,11.658
2025-10-01,EUR,PLN,4.2583
2025-10-01,EUR,RON,5.0821
2025-10-01,EUR,SEK,11.0355
2025-10-02,EUR,CZK,24.248
2025-10-02,EUR,DKK,7.4668
2025-10-02,EUR,NOK,11.675
2025-10-02,EUR,PLN,4.2565
2025-10-02,EUR,RON,5.082
2025-10-02,EUR,SEK,11.0025
2025-10-03,EUR,CZK,24.277
2025-10-03,EUR,DKK,7.4667
2025-10-03,EUR,NOK,11.6745
2025-10-03,EUR,PLN,4.2555
2025-10-03,EUR,RON,5.0904
2025-10-03,EUR,SEK,11.003
2025-10-06,EUR,CZK,24.308
2025-10-06,EUR,DKK,7.4667
2025-10-06,EUR,NOK,11.621
2025-10-06,EUR,PLN,4.2528
2025-10-06,EUR,RON,5.0885
2025-10-06,EUR,SEK,10.988
2025-10-07,EUR,CZK,24.318
2025-10-07,EUR,DKK,7.4662
2025-10-07,EUR,NOK,11.6025
2025-10-07,EUR,PLN,4.2535
2025-10-07,EUR,RON,5.0919
2025-10-07,EUR,SEK,10.9495
2025-10-08,EUR,CZK,24.369
2025-10-08,EUR,DKK,7.4667
2025-10-08,EUR,NOK,11.6125
2025-10-08,EUR,PLN,4.2508
2025-10-08,EUR,RON,5.0958
2025-10-08,EUR,SEK,10.9635
2025-10-09,EUR,CZK,24.326
2025-10-09,EUR,DKK,7.4668
2025-10-09,EUR,NOK,11.624
2025-10-09,EUR,PLN,4.2548
2025-10-09,EUR,RON,5.0945
2025-10-09,EUR,SEK,10.987
2025-10-10,EUR,CZK,24.299
2025-10-10,EUR,DKK,7.4672
2025-10-10,EUR,NOK,11.6775
2025-10-10,EUR,PLN,4.2576
2025-10-10,EUR,RON,5.0928
2025-10-10,EUR,SEK,11.008
2025-10-13,EUR,CZK,24.358
2025-10-13,EUR,DKK,7.4681
2025-10-13,EUR,NOK,11.679
2025-10-13,EUR,PLN,4.2615
2025-10-13,EUR,RON,5.0876
2025-10-13,EUR,SEK,11.013
2025-10-14,EUR,CZK,24.324
2025-10-14,EUR,DKK,7.4684
2025-10-14,EUR,NOK,11.7725
2025-10-14,EUR,PLN,4.2625
2025-10-14,EUR,RON,5.0903
2025-10-14,EUR,SEK,11.038
2025-10-15,EUR,CZK,24.28
2025-10-15,EUR,DKK,7.4687
2025-10-15,EUR,NOK,11.7225
2025-10-15,EUR,PLN,4.256
2025-10-15,EUR,RON,5.089
2025-10-15,EUR,SEK,11.0195
2025-10-16,EUR,CZK,24.294
2025-10-16,EUR,DKK,7.4689
2025-10-16,EUR,NOK,11.734
2025-10-16,EUR,PLN,4.2513
2025-10-16,EUR,RON,5.0876
2025-10-16,EUR,SEK,11.013
2025-10-17,EUR,CZK,24.308
2025-10-17,EUR,DKK,7.469
2025-10-17,EUR,NOK,11.7293
2025-10-17,EUR,PLN,4.245
2025-10-17,EUR,RON,5.0887
2025-10-17,EUR,SEK,11.03
2025-10-20,EUR,CZK,24.29
2025-10-20,EUR,DKK,7.4684
2025-10-20,EUR,NOK,11.7415
2025-10-20,EUR,PLN,4.2468
2025-10-20,EUR,RON,5.0885
2025-10-20,EUR,SEK,10.99
2025-10-21,EUR,CZK,24.314
2025-10-21,EUR,DKK,7.4691
2025-10-21,EUR,NOK,11.6693
2025-10-21,EUR,PLN,4.2393
2025-10-21,EUR,RON,5.0838
2025-10-21,EUR,SEK,10.9345
2025-10-22,EUR,CZK,24.308
2025-10-22,EUR,DKK,7.4694
2025-10-22,EUR,NOK,11.643
2025-10-22,EUR,PLN,4.2312
2025-10-22,EUR,RON,5.0831
2025-10-22,EUR,SEK,10.916
2025-10-23,EUR,CZK,24.308
2025-10-23,EUR,DKK,7.4694
2025-10-23,EUR,NOK,11.5829
2025-10-23,EUR,PLN,4.2327
2025-10-23,EUR,RON,5.0823
2025-10-23,EUR,SEK,10.9193
2025-10-24,EUR,CZK,24.336
2025-10-24,EUR,DKK,7.4698
2025-10-24,EUR,NOK,11.6185
2025-10-24,EUR,PLN,4.2408
2025-10-24,EUR,RON,5.0834
2025-10-24,EUR,SEK,10.904
2025-10-27,EUR,CZK,24.323
2025-10-27,EUR,DKK,7.4694
2025-10-27,EUR,NOK,11.632
2025-10-27,EUR,PLN,4.235
2025-10-27,EUR,RON,5.084
2025-10-27,EUR,SEK,10.912
2025-10-28,EUR,CZK,24.348
2025-10-28,EUR,DKK,7.4693
2025-10-28,EUR,NOK,11.6335
2025-10-28,EUR,PLN,4.2375
2025-10-28,EUR,RON,5.0835
2025-10-28,EUR,SEK,10.921
2025-10-29,EUR,CZK,24.338
2025-10-29,EUR,DKK,7.4684
2025-10-29,EUR,NOK,11.6385
2025-10-29,EUR,PLN,4.2418
2025-10-29,EUR,RON,5.0841
2025-10-29,EUR,SEK,10.896
2025-10-30,EUR,CZK,24.378
2025-10-30,EUR,DKK,7.4679
2025-10-30,EUR,NOK,11.6648
2025-10-30,EUR,PLN,4.245
2025-10-30,EUR,RON,5.0855
2025-10-30,EUR,SEK,10.94
2025-10-31,EUR,CZK,24.327
2025-10-31,EUR,DKK,7.4677
2025-10-31,EUR,NOK,11.6485
2025-10-31,EUR,PLN,4.256
2025-10-31,EUR,RON,5.0858
2025-10-31,EUR,SEK,10.925
2025-11-03,EUR,CZK,24.339
2025-11-03,EUR,DKK,7.4676
2025-11-03,EUR,NOK,11.648
2025-11-03,EUR,PLN,4.254
2025-11-03,EUR,RON,5.0856
2025-11-03,EUR,SEK,10.935
2025-11-04,EUR,CZK,24.371
2025-11-04,EUR,DKK,7.4658
2025-11-04,EUR,NOK,11.7265
2025-11-04,EUR,PLN,4.257
2025-11-04,EUR,RON,5.0861
2025-11-04,EUR,SEK,10.9865
2025-11-05,EUR,CZK,24.365
2025-11-05,EUR,DKK,7.4656
2025-11-05,EUR,NOK,11.749
2025-11-05,EUR,PLN,4.2583
2025-11-05,EUR,RON,5.0853
2025-11-05,EUR,SEK,11.0175
2025-11-06,EUR,CZK,24.334
2025-11-06,EUR,DKK,7.4673
2025-11-06,EUR,NOK,11.7265
2025-11-06,EUR,PLN,4.2528
2025-11-06,EUR,RON,5.085
2025-11-06,EUR,SEK,10.99
2025-11-07,EUR,CZK,24.333
2025-11-07,EUR,DKK,7.4667
2025-11-07,EUR,NOK,11.78
2025-11-07,EUR,PLN,4.248
2025-11-07,EUR,RON,5.0855
2025-11-07,EUR,SEK,11.046
2025-11-10,EUR,CZK,24.282
2025-11-10,EUR,DKK,7.4672
2025-11-10,EUR,NOK,11.6885
2025-11-10,EUR,PLN,4.234
2025-11-10,EUR,RON,5.0852
2025-11-10,EUR,SEK,10.987
2025-11-11,EUR,CZK,24.288
2025-11-11,EUR,DKK,7.4679
2025-11-11,EUR,NOK,11.6605
2025-11-11,EUR,PLN,4.23
2025-11-11,EUR,RON,5.084
2025-11-11,EUR,SEK,10.973
2025-11-12,EUR,CZK,24.229
2025-11-12,EUR,DKK,7.4671
2025-11-12,EUR,NOK,11.6495
2025-11-12,EUR,PLN,4.228
2025-11-12,EUR,RON,5.0837
2025-11-12,EUR,SEK,10.9395
2025-11-13,EUR,CZK,24.191
2025-11-13,EUR,DKK,7.4677
2025-11-13,EUR,NOK,11.674
2025-11-13,EUR,PLN,4.228
2025-11-13,EUR,RON,5.0837
2025-11-13,EUR,SEK,10.9405
2025-11-14,EUR,CZK,24.198
2025-11-14,EUR,DKK,7.4679
2025-11-14,EUR,NOK,11.7285
2025-11-14,EUR,PLN,4.2328
2025-11-14,EUR,RON,5.0851
2025-11-14,EUR,SEK,10.9835
2025-11-17,EUR,CZK,24.169
2025-11-17,EUR,DKK,7.4683
2025-11-17,EUR,NOK,11.7005
2025-11-17,EUR,PLN,4.2228
2025-11-17,EUR,RON,5.084
2025-11-17,EUR,SEK,10.9635
2025-11-18,EUR,CZK,24.188
2025-11-18,EUR,DKK,7.4684
2025-11-18,EUR,NOK,11.7333
2025-11-18,EUR,PLN,4.244
2025-11-18,EUR,RON,5.087
2025-11-18,EUR,SEK,10.997
2025-11-19,EUR,CZK,24.159
2025-11-19,EUR,DKK,7.4691
2025-11-19,EUR,NOK,11.748
2025-11-19,EUR,PLN,4.2283
2025-11-19,EUR,RON,5.0879
2025-11-19,EUR,SEK,10.992
2025-11-20,EUR,CZK,24.179
2025-11-20,EUR,DKK,7.4691
2025-11-20,EUR,NOK,11.7405
2025-11-20,EUR,PLN,4.232
2025-11-20,EUR,RON,5.0887
2025-11-20,EUR,SEK,10.9995
2025-11-21,EUR,CZK,24.235
2025-11-21,EUR,DKK,7.4687
2025-11-21,EUR,NOK,11.794
2025-11-21,EUR,PLN,4.2448
2025-11-21,EUR,RON,5.0896
2025-11-21,EUR,SEK,11.026
2025-11-24,EUR,CZK,24.169
2025-11-24,EUR,DKK,7.4691
2025-11-24,EUR,NOK,11.7945
2025-11-24,EUR,PLN,4.2303
2025-11-24,EUR,RON,5.0878
2025-11-24,EUR,SEK,11.006
2025-11-25,EUR,CZK,24.133
2025-11-25,EUR,DKK,7.4691
2025-11-25,EUR,NOK,11.848
2025-11-25,EUR,PLN,4.2228
2025-11-25,EUR,RON,5.0881
2025-11-25,EUR,SEK,11.048
2025-11-26,EUR,CZK,24.168
2025-11-26,EUR,DKK,7.4687
2025-11-26,EUR,NOK,11.8468
2025-11-26,EUR,PLN,4.2313
2025-11-26,EUR,RON,5.0904
2025-11-26,EUR,SEK,11.0345
2025-11-27,EUR,CZK,24.174
2025-11-27,EUR,DKK,7.4688
2025-11-27,EUR,NOK,11.803
2025-11-27,EUR,PLN,4.2345
2025-11-27,EUR,RON,5.0911
2025-11-27,EUR,SEK,10.9945
2025-11-28,EUR,CZK,24.177
2025-11-28,EUR,DKK,7.4688
2025-11-28,EUR,NOK,11.7645
2025-11-28,EUR,PLN,4.239
2025-11-28,EUR,RON,5.0909
2025-11-28,EUR,SEK,10.9695
2025-12-01,EUR,CZK,24.181
2025-12-01,EUR,DKK,7.4687
2025-12-01,EUR,NOK,11.771
2025-12-01,EUR,PLN,4.2283
2025-12-01,EUR,RON,5.0898
2025-12-01,EUR,SEK,10.963
2025-12-02,EUR,CZK,24.161
2025-12-02,EUR,DKK,7.4686
2025-12-02,EUR,NOK,11.789
2025-12-02,EUR,PLN,4.238
2025-12-02,EUR,RON,5.0893
2025-12-02,EUR,SEK,10.9865
2025-12-03,EUR,CZK,24.125
2025-12-03,EUR,DKK,7.4689
2025-12-03,EUR,NOK,11.758
2025-12-03,EUR,PLN,4.2318
2025-12-03,EUR,RON,5.0917
2025-12-03,EUR,SEK,10.955
2025-12-04,EUR,CZK,24.157
2025-12-04,EUR,DKK,7.4686
2025-12-04,EUR,NOK,11.782
2025-12-04,EUR,PLN,4.2313
2025-12-04,EUR,RON,5.0925
2025-12-04,EUR,SEK,10.967
2025-12-05,EUR,CZK,24.21
2025-12-05,EUR,DKK,7.4689
2025-12-05,EUR,NOK,11.755
2025-12-05,EUR,PLN,4.2323
2025-12-05,EUR,RON,5.0928
2025-12-05,EUR,SEK,10.959
2025-12-08,EUR,CZK,24.268
2025-12-08,EUR,DKK,7.4688
2025-12-08,EUR,NOK,11.786
2025-12-08,EUR,PLN,4.2305
2025-12-08,EUR,RON,5.0893
2025-12-08,EUR,SEK,10.9495
2025-12-09,EUR,CZK,24.277
2025-12-09,EUR,DKK,7.4689
2025-12-09,EUR,NOK,11.7845
2025-12-09,EUR,PLN,4.2303
2025-12-09,EUR,RON,5.0897
2025-12-09,EUR,SEK,10.9015
2025-12-10,EUR,CZK,24.245
2025-12-10,EUR,DKK,7.4691
2025-12-10,EUR,NOK,11.809
2025-12-10,EUR,PLN,4.2248
2025-12-10,EUR,RON,5.0875
2025-12-10,EUR,SEK,10.858
2025-12-11,EUR,CZK,24.22
2025-12-11,EUR,DKK,7.4691
2025-12-11,EUR,NOK,11.825
2025-12-11,EUR,PLN,4.227
2025-12-11,EUR,RON,5.0899
2025-12-11,EUR,SEK,10.845
2025-12-12,EUR,CZK,24.239
2025-12-12,EUR,DKK,7.4698
2025-12-12,EUR,NOK,11.856
2025-12-12,EUR,PLN,4.2225
2025-12-12,EUR,RON,5.0904
2025-12-12,EUR,SEK,10.8865
2025-12-15,EUR,CZK,24.299
2025-12-15,EUR,DKK,7.4704
2025-12-15,EUR,NOK,11.9075
2025-12-15,EUR,PLN,4.2215
2025-12-15,EUR,RON,5.0929
2025-12-15,EUR,SEK,10.9155
2025-12-16,EUR,CZK,24.317
2025-12-16,EUR,DKK,7.471
2025-12-16,EUR,NOK,11.985
2025-12-16,EUR,PLN,4.2208
2025-12-16,EUR,RON,5.0929
2025-12-16,EUR,SEK,10.942
2025-12-17,EUR,CZK,24.346
2025-12-17,EUR,DKK,7.4718
2025-12-17,EUR,NOK,11.9858
2025-12-17,EUR,PLN,4.21
2025-12-17,EUR,RON,5.0921
2025-12-17,EUR,SEK,10.936
